step,success_rate,normalized_score,elapsed_min,tag,critic_loss,mean_q,roughness,roughness_s001,roughness_s01,q_abs_mean_diag,roughness_onpolicy,q_abs_mean_diag_onpolicy
0,-99.45,-9944.999694824219,0.043886176745096844,baseline,0.0,0.0,0.000253,1e-05,0.000968,0.161971,,
5000,-100.0,-10000.0,1.4934723695119223,baseline,0.3180505633354187,-1.6419596672058105,,,,,,
10000,-97.55,-9755.000305175781,4.977921275297801,baseline,0.11363650858402252,-99.39752197265625,,,,,,
15000,-98.5,-9850.0,6.327122382322947,baseline,0.3076029121875763,-93.94288635253906,,,,,,
20000,-87.3,-8730.000305175781,7.667075884342194,baseline,0.7805113196372986,-66.97784423828125,,,,,,
25000,-79.65,-7965.000152587891,9.009448035558064,baseline,1.3308064937591553,-48.866756439208984,,,,,,
30000,-81.8,-8180.000305175781,10.347020856539409,baseline,0.7016133069992065,-45.13098907470703,,,,,,
35000,-70.45,-7044.999694824219,11.692900435129802,baseline,0.9009099006652832,-41.25584030151367,,,,,,
40000,-69.15,-6915.000152587891,13.021871781349182,baseline,0.9729623794555664,-39.69203186035156,,,,,,
45000,-59.55,-5954.999923706055,14.364392654101055,baseline,0.7958282232284546,-36.80767822265625,,,,,,
50000,-59.4,-5940.000152587891,15.706125676631927,baseline,0.8152565956115723,-38.93419647216797,0.001692,6.9e-05,0.006601,21.022886,0.003278,29.227924
55000,-64.1,-6409.999847412109,17.059713093439736,baseline,0.5869360566139221,-37.52398681640625,,,,,,
60000,-41.35,-4134.999847412109,18.373600840568542,baseline,0.7770384550094604,-38.845252990722656,,,,,,
65000,-54.2,-5420.000076293945,19.686451331774393,baseline,0.774122953414917,-36.9745979309082,,,,,,
70000,-51.5,-5150.0,20.977735030651093,baseline,0.6393436789512634,-38.03166961669922,,,,,,
75000,-40.05,-4004.9999237060547,22.276628478368124,baseline,0.5450453758239746,-36.30547332763672,,,,,,
80000,-49.3,-4929.999923706055,23.562514595190684,baseline,0.5539876818656921,-32.567501068115234,,,,,,
85000,-56.9,-5690.000152587891,24.835047181447347,baseline,0.5088735818862915,-35.846580505371094,,,,,,
90000,-38.65,-3865.0001525878906,26.101892952124278,baseline,0.6379513740539551,-33.31061553955078,,,,,,
95000,-52.6,-5259.999847412109,27.36658339103063,baseline,0.5903079509735107,-34.52955627441406,,,,,,
100000,-56.9,-5690.000152587891,28.626507719357807,baseline,0.7046834826469421,-33.147804260253906,0.001112,4.5e-05,0.00433,23.770563,0.002317,30.952871
105000,-38.95,-3895.0000762939453,29.881080571810404,baseline,0.5239261984825134,-32.96038818359375,,,,,,
110000,-43.15,-4315.000152587891,31.120128405094146,baseline,0.6753268241882324,-31.488155364990234,,,,,,
115000,-39.65,-3965.0001525878906,32.3698393146197,baseline,0.7894906997680664,-35.15998077392578,,,,,,
120000,-48.7,-4870.000076293945,33.61873224973679,baseline,0.6396051645278931,-35.900123596191406,,,,,,
125000,-44.15,-4415.000152587891,34.85999716122945,baseline,0.6800698041915894,-33.796173095703125,,,,,,
130000,-37.95,-3795.0000762939453,36.09943031867345,baseline,0.5602090358734131,-31.63214683532715,,,,,,
135000,-40.9,-4090.0001525878906,37.34673020442327,baseline,0.6196409463882446,-30.861440658569336,,,,,,
140000,-34.15,-3415.0001525878906,38.578444023927055,baseline,0.9627904891967773,-30.401227951049805,,,,,,
145000,-31.15,-3114.9999618530273,39.805989909172055,baseline,0.5810763835906982,-31.3321590423584,,,,,,
150000,-46.3,-4629.999923706055,41.05926861763,baseline,0.6970232725143433,-32.07140350341797,0.000936,3.8e-05,0.003676,24.127203,0.002185,29.981514
155000,-34.5,-3450.0,42.318486058712004,baseline,0.5932496786117554,-28.90030288696289,,,,,,
160000,-43.25,-4325.0,43.54746411641439,baseline,0.6961385011672974,-30.451358795166016,,,,,,
165000,-32.05,-3204.9999237060547,44.77317566474279,baseline,0.5525248050689697,-27.009235382080078,,,,,,
170000,-49.4,-4940.000152587891,46.00255240996679,baseline,0.7914559245109558,-29.86733055114746,,,,,,
175000,-38.4,-3840.0001525878906,47.24107721249263,baseline,0.9906247854232788,-30.01313018798828,,,,,,
180000,-55.7,-5570.000076293945,48.462713893254595,baseline,1.017725944519043,-32.33522415161133,,,,,,
185000,-37.3,-3729.9999237060547,49.69307736158371,baseline,0.798054575920105,-31.183406829833984,,,,,,
190000,-31.3,-3129.9999237060547,50.93070747057597,baseline,0.8711040019989014,-33.71717834472656,,,,,,
195000,-46.35,-4634.999847412109,52.1645113547643,baseline,1.0024592876434326,-33.544368743896484,,,,,,
200000,-34.05,-3404.9999237060547,53.39800446828206,baseline,0.772541880607605,-33.206626892089844,0.001081,4.4e-05,0.004283,24.870049,0.002857,31.740887
205000,-39.0,-3900.0,54.6393612464269,baseline,0.6077554225921631,-29.36884880065918,,,,,,
210000,-28.1,-2810.0000381469727,55.87490653991699,baseline,0.8470807075500488,-32.312843322753906,,,,,,
215000,-38.3,-3829.9999237060547,57.11167795658112,baseline,0.9572901725769043,-31.49738311767578,,,,,,
220000,-30.85,-3085.0000381469727,58.35747907559077,baseline,0.6892293691635132,-29.2996826171875,,,,,,
225000,-34.15,-3415.0001525878906,59.599403250217435,baseline,0.5371222496032715,-32.27872085571289,,,,,,
230000,-17.7,-1770.0000762939453,60.8319834113121,baseline,0.689597487449646,-30.68367576599121,,,,,,
235000,-44.4,-4440.000152587891,62.063904460271196,baseline,0.6865839958190918,-31.96096420288086,,,,,,
240000,-29.6,-2960.0000381469727,63.306918652852374,baseline,1.1461704969406128,-30.153465270996094,,,,,,
245000,-23.75,-2375.0,64.53883498509725,baseline,0.6256007552146912,-30.115047454833984,,,,,,
250000,-37.75,-3775.0,65.7777509133021,baseline,0.7107001543045044,-33.16846466064453,0.001027,4.2e-05,0.004101,25.322699,0.000887,21.781219
255000,-33.3,-3329.9999237060547,67.03281577428181,baseline,1.2216761112213135,-32.42432403564453,,,,,,
260000,-37.9,-3790.0001525878906,68.2627176562945,baseline,0.7522312998771667,-29.997325897216797,,,,,,
265000,-35.4,-3540.0001525878906,69.49535607894262,baseline,1.0151150226593018,-34.13903045654297,,,,,,
270000,-26.7,-2670.0000762939453,70.72824935913086,baseline,1.0426421165466309,-36.2379264831543,,,,,,
275000,-27.65,-2764.9999618530273,71.93488229513169,baseline,0.637582540512085,-29.018598556518555,,,,,,
280000,-35.6,-3559.9998474121094,73.16141573985418,baseline,0.7257975339889526,-33.2890625,,,,,,
285000,-34.75,-3475.0,74.39154328902562,baseline,0.7183722257614136,-31.051223754882812,,,,,,
290000,-43.85,-4384.999847412109,75.62414001623789,baseline,0.8833929896354675,-33.63209533691406,,,,,,
295000,-33.05,-3304.9999237060547,76.84820593595505,baseline,1.1772631406784058,-34.68226623535156,,,,,,
300000,-24.55,-2454.9999237060547,78.07259891827901,baseline,1.1350772380828857,-33.502010345458984,0.001159,4.7e-05,0.004566,26.148933,0.002225,29.823931
305000,-26.8,-2679.9999237060547,79.30497470299403,baseline,0.8843975067138672,-31.850292205810547,,,,,,
310000,-32.95,-3295.0000762939453,80.54162411689758,baseline,0.636075496673584,-30.91999626159668,,,,,,
315000,-24.85,-2485.0000381469727,81.76826926469803,baseline,1.045891523361206,-32.844993591308594,,,,,,
320000,-29.15,-2914.9999618530273,83.00324221452077,baseline,0.8703073859214783,-33.73482131958008,,,,,,
325000,-29.65,-2964.9999618530273,84.23774617115656,baseline,1.0260400772094727,-31.63129234313965,,,,,,
330000,-22.85,-2285.0000381469727,85.46700723171234,baseline,1.6600964069366455,-32.2944450378418,,,,,,
335000,-27.0,-2700.0,86.70322334766388,baseline,1.3406825065612793,-33.698089599609375,,,,,,
340000,-21.55,-2154.9999237060547,87.94563097159067,baseline,1.5948079824447632,-32.93855667114258,,,,,,
345000,-37.7,-3770.0000762939453,89.17947007815043,baseline,1.6661715507507324,-34.92279052734375,,,,,,
350000,-26.55,-2654.9999237060547,90.41968571742376,baseline,0.9947829246520996,-32.93605041503906,0.001512,6.1e-05,0.005873,27.906197,0.001237,28.238214
355000,-37.25,-3725.0,91.66374620596568,baseline,0.8683866858482361,-30.98944091796875,,,,,,
360000,-45.35,-4534.999847412109,92.88157211939493,baseline,0.727026641368866,-34.19807052612305,,,,,,
365000,-27.8,-2779.9999237060547,94.10874792734782,baseline,0.9615249633789062,-31.495100021362305,,,,,,
370000,-26.45,-2645.0000762939453,95.3500797311465,baseline,0.9582942724227905,-31.55712890625,,,,,,
375000,-34.65,-3465.0001525878906,96.58757781982422,baseline,0.8344187140464783,-31.478069305419922,,,,,,
380000,-32.1,-3209.9998474121094,97.83365228970845,baseline,0.8958812952041626,-32.61500930786133,,,,,,
385000,-20.95,-2095.0000762939453,99.08529473940531,baseline,1.1626604795455933,-30.235973358154297,,,,,,
390000,-39.9,-3990.0001525878906,100.32140239477158,baseline,0.9214332103729248,-31.031347274780273,,,,,,
395000,-35.7,-3570.0000762939453,101.55564122994741,baseline,1.0908839702606201,-27.643295288085938,,,,,,
400000,-31.7,-3170.0000762939453,102.80262227058411,baseline,0.8197993040084839,-31.952640533447266,0.001347,5.4e-05,0.005189,26.781212,0.003039,29.242601
405000,-27.05,-2704.9999237060547,104.04086071650187,baseline,1.0659266710281372,-32.298561096191406,,,,,,
410000,-29.75,-2975.0,105.28188490867615,baseline,1.025517463684082,-30.09895896911621,,,,,,
415000,-25.35,-2535.0000381469727,106.51787472168604,baseline,0.8701024055480957,-30.89886474609375,,,,,,
420000,-21.35,-2135.0000381469727,107.74646172126134,baseline,0.8983799815177917,-29.767852783203125,,,,,,
425000,-23.85,-2385.0000381469727,108.97021095355352,baseline,0.8018176555633545,-28.930471420288086,,,,,,
430000,-21.55,-2154.9999237060547,110.19419792493184,baseline,1.0245822668075562,-30.02480125427246,,,,,,
435000,-28.55,-2854.9999237060547,111.42108881870905,baseline,0.7386037707328796,-28.96356773376465,,,,,,
440000,-26.95,-2695.0000762939453,112.65774634281794,baseline,1.0141465663909912,-29.26068687438965,,,,,,
445000,-30.2,-3020.0000762939453,113.89795842170716,baseline,1.0637996196746826,-29.768980026245117,,,,,,
450000,-33.1,-3309.9998474121094,115.1302943944931,baseline,0.8966538310050964,-31.872989654541016,0.001262,5.1e-05,0.004819,25.539286,0.001323,24.080114
455000,-21.95,-2195.0000762939453,116.3688460946083,baseline,0.7648080587387085,-30.992599487304688,,,,,,
460000,-26.05,-2604.9999237060547,117.60343063672384,baseline,1.0145841836929321,-31.844419479370117,,,,,,
465000,-21.15,-2114.9999618530273,118.84300445318222,baseline,0.8388804793357849,-30.69469451904297,,,,,,
470000,-33.85,-3384.9998474121094,120.07510929107666,baseline,0.8052121996879578,-30.47144317626953,,,,,,
475000,-29.35,-2935.0000381469727,121.30770758787791,baseline,0.9905311465263367,-30.331279754638672,,,,,,
480000,-25.85,-2585.0000381469727,122.5357766588529,baseline,0.7468715906143188,-30.240604400634766,,,,,,
485000,-22.85,-2285.0000381469727,123.75973617633184,baseline,0.6513749361038208,-28.69167709350586,,,,,,
490000,-26.55,-2654.9999237060547,124.99758020242055,baseline,1.0883991718292236,-29.41925048828125,,,,,,
495000,-40.75,-4075.0,126.24174641370773,baseline,0.7871870398521423,-28.86562728881836,,,,,,
500000,-23.8,-2379.9999237060547,127.47584132750829,baseline,1.141225814819336,-30.196762084960938,0.00116,4.7e-05,0.004416,25.484785,0.001906,25.04084
505000,-17.45,-1745.0000762939453,128.7312038342158,baseline,0.8322029113769531,-30.696256637573242,,,,,,
510000,-26.3,-2629.9999237060547,129.98160351514815,baseline,1.0440700054168701,-29.06910514831543,,,,,,
515000,-24.35,-2435.0000381469727,131.21799459457398,baseline,1.1026945114135742,-30.66717529296875,,,,,,
520000,-34.35,-3434.9998474121094,132.46766705513,baseline,1.0766698122024536,-28.06765365600586,,,,,,
525000,-30.85,-3085.0000381469727,133.71153897444407,baseline,0.7220048904418945,-29.23586654663086,,,,,,
530000,-19.3,-1929.9999237060547,134.94930200974147,baseline,1.2163641452789307,-29.008161544799805,,,,,,
535000,-25.3,-2529.9999237060547,136.19615529378254,baseline,0.9264305830001831,-31.979511260986328,,,,,,
540000,-31.1,-3110.0000381469727,137.430224776268,baseline,0.8860795497894287,-28.08528709411621,,,,,,
545000,-22.05,-2204.9999237060547,138.66578461726507,baseline,0.8748782873153687,-30.082014083862305,,,,,,
550000,-26.15,-2614.9999618530273,139.9070399006208,baseline,0.8051447868347168,-27.92754364013672,0.001217,5e-05,0.004669,25.56888,0.000838,27.817408
555000,-22.0,-2200.0,141.14251939455667,baseline,0.7751682996749878,-26.627363204956055,,,,,,
560000,-28.7,-2870.0000762939453,142.38069052696227,baseline,1.143337607383728,-30.48503875732422,,,,,,
565000,-32.1,-3209.9998474121094,143.61223222414654,baseline,0.8713663816452026,-31.19253921508789,,,,,,
570000,-23.9,-2389.9999618530273,144.8452231526375,baseline,0.885652482509613,-27.2611083984375,,,,,,
575000,-27.1,-2710.0000381469727,146.07159567276636,baseline,1.0326626300811768,-30.421409606933594,,,,,,
580000,-27.1,-2710.0000381469727,147.30335331757863,baseline,1.0346826314926147,-28.292999267578125,,,,,,
585000,-28.7,-2870.0000762939453,148.53853579759598,baseline,1.0902490615844727,-28.74557113647461,,,,,,
590000,-30.45,-3045.0000762939453,149.77166819175085,baseline,0.795900821685791,-26.53805160522461,,,,,,
595000,-25.05,-2504.9999237060547,151.00985683202742,baseline,0.8559181094169617,-28.477109909057617,,,,,,
600000,-27.5,-2750.0,152.24651866753896,baseline,0.7583976984024048,-26.09698486328125,0.001187,4.8e-05,0.004558,24.609034,0.000749,23.513151
605000,-21.9,-2189.9999618530273,153.49442334572475,baseline,0.9598718881607056,-25.750572204589844,,,,,,
610000,-30.85,-3085.0000381469727,154.73699117104212,baseline,1.0117266178131104,-27.11471176147461,,,,,,
615000,-28.0,-2800.0,155.9670485774676,baseline,1.0031118392944336,-27.056747436523438,,,,,,
620000,-26.45,-2645.0000762939453,157.18909250100452,baseline,1.0263385772705078,-26.906164169311523,,,,,,
625000,-29.55,-2954.9999237060547,158.4289516846339,baseline,0.6384140253067017,-27.06727409362793,,,,,,
630000,-30.6,-3060.0000381469727,159.66948283513386,baseline,1.8680366277694702,-26.008342742919922,,,,,,
635000,-20.45,-2045.0000762939453,160.90885387659074,baseline,0.7954879999160767,-25.968320846557617,,,,,,
640000,-28.1,-2810.0000381469727,162.13869756857554,baseline,0.8205966353416443,-28.244861602783203,,,,,,
645000,-24.15,-2414.9999618530273,163.37633522351584,baseline,0.7249525785446167,-25.68849754333496,,,,,,
650000,-30.45,-3045.0000762939453,164.60687775611876,baseline,0.9326230883598328,-26.405399322509766,0.001444,5.7e-05,0.00525,25.175972,0.001722,24.383755
655000,-28.6,-2860.0000381469727,165.85132405757903,baseline,0.9363028407096863,-29.674938201904297,,,,,,
660000,-21.45,-2145.0000762939453,167.08137713670732,baseline,0.9385983347892761,-28.88658905029297,,,,,,
665000,-22.2,-2220.0000762939453,168.31806311209996,baseline,1.0004017353057861,-27.817459106445312,,,,,,
670000,-24.35,-2435.0000381469727,169.5424906094869,baseline,0.8209223747253418,-26.558238983154297,,,,,,
675000,-25.9,-2589.9999618530273,170.78401780923207,baseline,0.7791268825531006,-26.651031494140625,,,,,,
680000,-32.85,-3284.9998474121094,172.01460901498794,baseline,1.0771535634994507,-28.836660385131836,,,,,,
685000,-25.7,-2570.0000762939453,173.23732270002364,baseline,0.8738347291946411,-27.427770614624023,,,,,,
690000,-20.8,-2079.9999237060547,174.47487928469977,baseline,0.8717007040977478,-26.6822509765625,,,,,,
695000,-26.8,-2679.9999237060547,175.69854404528937,baseline,0.7343339323997498,-27.464271545410156,,,,,,
700000,-22.9,-2289.9999618530273,176.92909534772238,baseline,0.8495683670043945,-28.23781394958496,0.001319,5.3e-05,0.004998,24.874048,0.00057,17.138977
705000,-24.35,-2435.0000381469727,178.18231718937557,baseline,1.5771543979644775,-27.917625427246094,,,,,,
710000,-29.55,-2954.9999237060547,179.41732145945232,baseline,0.8433749079704285,-27.1324520111084,,,,,,
715000,-24.45,-2445.0000762939453,180.66375697056452,baseline,0.7772154808044434,-27.992908477783203,,,,,,
720000,-24.3,-2429.9999237060547,181.9049093047778,baseline,1.2176790237426758,-28.1904296875,,,,,,
725000,-25.4,-2539.9999618530273,183.1354685664177,baseline,0.9226905107498169,-28.7204647064209,,,,,,
730000,-33.15,-3315.0001525878906,184.3683499177297,baseline,0.8555788993835449,-25.637348175048828,,,,,,
735000,-30.5,-3050.0,185.60207825899124,baseline,1.059639811515808,-25.678173065185547,,,,,,
740000,-30.8,-3079.9999237060547,186.85094696680704,baseline,0.9617878794670105,-26.02218246459961,,,,,,
745000,-21.65,-2164.9999618530273,188.092739657561,baseline,0.660163164138794,-27.415199279785156,,,,,,
750000,-20.8,-2079.9999237060547,189.33513085842134,baseline,0.8496030569076538,-27.634780883789062,0.001218,5e-05,0.004667,24.922508,0.000456,17.879333
755000,-25.25,-2525.0,190.58688855568568,baseline,1.111591100692749,-28.342864990234375,,,,,,
760000,-24.2,-2420.0000762939453,191.82690283457438,baseline,0.8854913711547852,-27.214513778686523,,,,,,
765000,-31.75,-3175.0,193.05198709567387,baseline,1.1126736402511597,-28.51767349243164,,,,,,
770000,-25.6,-2560.0000381469727,194.28038848638533,baseline,1.144361138343811,-29.697086334228516,,,,,,
775000,-22.3,-2229.9999237060547,195.5116680383682,baseline,0.8520967960357666,-30.012229919433594,,,,,,
780000,-30.55,-3054.9999237060547,196.73901235659918,baseline,1.6833690404891968,-28.864652633666992,,,,,,
785000,-16.9,-1689.9999618530273,197.97314976851146,baseline,1.2038068771362305,-28.55697250366211,,,,,,
790000,-22.05,-2204.9999237060547,199.2185251990954,baseline,1.272163987159729,-26.47753143310547,,,,,,
795000,-20.2,-2020.0000762939453,200.4477553129196,baseline,0.6842656135559082,-25.241546630859375,,,,,,
800000,-23.45,-2345.0000762939453,201.67732853094736,baseline,0.8716992139816284,-25.089155197143555,0.001219,5e-05,0.004646,24.773035,0.002736,28.357344
805000,-20.05,-2004.9999237060547,202.91142213741938,baseline,0.9802042841911316,-24.64459228515625,,,,,,
810000,-22.0,-2200.0,204.14951681693395,baseline,0.9615795016288757,-25.92953109741211,,,,,,
815000,-29.45,-2945.0000762939453,205.37383686304094,baseline,0.9971603751182556,-25.520050048828125,,,,,,
820000,-16.65,-1664.9999618530273,206.61666676600774,baseline,1.3741697072982788,-26.43636131286621,,,,,,
825000,-31.15,-3114.9999618530273,207.85996755361558,baseline,0.6846661567687988,-25.095458984375,,,,,,
830000,-23.35,-2335.0000381469727,209.1029625415802,baseline,0.8905730247497559,-27.362964630126953,,,,,,
835000,-21.3,-2129.9999237060547,210.34054704507193,baseline,1.3332629203796387,-26.955753326416016,,,,,,
840000,-26.3,-2629.9999237060547,211.57940236330032,baseline,0.9013162851333618,-25.394628524780273,,,,,,
845000,-22.55,-2254.9999237060547,212.81359564860662,baseline,1.0688267946243286,-28.24713706970215,,,,,,
850000,-20.45,-2045.0000762939453,214.03932842413585,baseline,0.9310387372970581,-29.93722915649414,0.001291,5.3e-05,0.004923,25.272911,0.000897,26.225372
855000,-27.35,-2735.0000381469727,215.2834823290507,baseline,1.251779317855835,-28.203083038330078,,,,,,
860000,-26.75,-2675.0,216.5309835354487,baseline,0.7240046858787537,-27.96065330505371,,,,,,
865000,-14.9,-1489.9999618530273,217.7549124797185,baseline,0.9281319975852966,-26.41847801208496,,,,,,
870000,-24.7,-2470.0000762939453,218.98350828488668,baseline,0.8669158816337585,-29.793243408203125,,,,,,
875000,-19.35,-1935.0000381469727,220.2221891562144,baseline,0.9158112406730652,-25.348548889160156,,,,,,
880000,-21.7,-2170.0000762939453,221.46046596368154,baseline,0.8824247717857361,-26.836299896240234,,,,,,
885000,-24.25,-2425.0,222.69441688458124,baseline,1.4446042776107788,-28.013996124267578,,,,,,
890000,-17.9,-1789.9999618530273,223.92604763507842,baseline,1.2950091361999512,-29.554920196533203,,,,,,
895000,-20.45,-2045.0000762939453,225.16380970875423,baseline,1.2328234910964966,-28.225738525390625,,,,,,
900000,-21.65,-2164.9999618530273,226.40006148020427,baseline,0.8221320509910583,-27.009244918823242,0.001262,5.2e-05,0.004959,25.768848,0.001482,33.691761
905000,-19.85,-1985.0000381469727,227.64378612836202,baseline,1.0308165550231934,-26.804553985595703,,,,,,
910000,-25.1,-2510.0000381469727,228.88724502722422,baseline,1.0715612173080444,-28.194799423217773,,,,,,
915000,-21.75,-2175.0,230.12535839080812,baseline,1.563673734664917,-26.918323516845703,,,,,,
920000,-23.65,-2364.9999618530273,231.37148863871892,baseline,1.6682884693145752,-26.676868438720703,,,,,,
925000,-24.75,-2475.0,232.60980094273884,baseline,1.0191609859466553,-26.763328552246094,,,,,,
930000,-29.9,-2989.9999618530273,233.84933831691743,baseline,1.1905417442321777,-28.85658073425293,,,,,,
935000,-18.05,-1804.9999237060547,235.09391391674677,baseline,1.0862349271774292,-26.48636245727539,,,,,,
940000,-24.15,-2414.9999618530273,236.3290337840716,baseline,1.0642255544662476,-27.18715476989746,,,,,,
945000,-15.9,-1589.9999618530273,237.56638683080672,baseline,0.8423793315887451,-27.012786865234375,,,,,,
950000,-17.9,-1789.9999618530273,238.80793595314026,baseline,1.1478030681610107,-29.224828720092773,0.001265,5.2e-05,0.004899,25.132664,0.000931,16.418652
955000,-19.85,-1985.0000381469727,240.07279109160106,baseline,0.9224416613578796,-25.9244384765625,,,,,,
960000,-17.05,-1704.9999237060547,241.31248673995336,baseline,0.9644019603729248,-26.550918579101562,,,,,,
965000,-22.15,-2214.9999618530273,242.5555451154709,baseline,0.9406085014343262,-27.4482421875,,,,,,
970000,-25.4,-2539.9999618530273,243.80109748840331,baseline,1.1346181631088257,-27.199283599853516,,,,,,
975000,-23.5,-2350.0,245.03552554448444,baseline,1.5402905941009521,-23.76462173461914,,,,,,
980000,-24.7,-2470.0000762939453,246.27670698165895,baseline,1.470468282699585,-25.45977020263672,,,,,,
985000,-19.95,-1995.0000762939453,247.5231922229131,baseline,1.1172349452972412,-26.769378662109375,,,,,,
990000,-27.1,-2710.0000381469727,248.762464706103,baseline,1.0360904932022095,-26.82178497314453,,,,,,
995000,-18.8,-1879.9999237060547,250.01043551365535,baseline,0.8082525730133057,-26.8953857421875,,,,,,
1000000,-18.35,-1835.0000381469727,251.25487310091654,baseline,1.1280324459075928,-27.288137435913086,0.001355,5.6e-05,0.005277,24.931341,0.000374,20.625786
