step,rho,p,n,loco_lo,loco_hi,n_configs
50000,-0.7008425429478061,9.597196954024676e-07,38,-0.842296918767507,-0.6403743315508021,10
100000,-0.4931611773717037,0.0016555906625823956,38,-0.8588235294117648,-0.3920454545454546,10
150000,-0.5167961483750958,0.0008938163781389816,38,-0.8112044817927172,-0.4167780748663102,10
200000,-0.4113141481562534,0.010303252350004349,38,-0.7974789915966387,-0.27807486631016043,10
250000,-0.5139511981617244,0.0009649339177208413,38,-0.7991596638655463,-0.4007352941176471,10
300000,-0.5638472480577744,0.00022736672033321496,38,-0.8201680672268907,-0.4662433155080214,10
350000,-0.409782251887515,0.010619138474652508,38,-0.7481792717086836,-0.2610294117647059,10
400000,-0.39358791990370934,0.014494342294102923,38,-0.7834733893557423,-0.24966577540106955,10
450000,-0.3955575008206587,0.01396709168822196,38,-0.7859943977591036,-0.2533422459893048,10
500000,-0.4019039282197177,0.012377055306579971,38,-0.7943977591036415,-0.25969251336898397,10
550000,-0.39665171244118613,0.013681243184065666,38,-0.7876750700280112,-0.2533422459893048,10
600000,-0.39315023525549836,0.014613763064628178,38,-0.7829131652661065,-0.25,10
650000,-0.3843965422912791,0.017182382644735417,38,-0.7717086834733894,-0.23262032085561501,10
700000,-0.3811139074296969,0.018238664110301162,38,-0.7677871148459383,-0.2269385026737968,10
750000,-0.39183718131086553,0.014977019030918552,38,-0.780672268907563,-0.24398395721925137,10
800000,-0.3819892767261188,0.01795180446862806,38,-0.7689075630252101,-0.22994652406417115,10
850000,-0.3802385381332749,0.01852935586075405,38,-0.7666666666666667,-0.22493315508021391,10
900000,-0.3655761024182077,0.024005337544953653,38,-0.7476190476190477,-0.20621657754010697,10
950000,-0.36907757960389537,0.02258875592191293,38,-0.7521008403361346,-0.21223262032085563,10
1000000,-0.3911806543385491,0.015161483802627513,38,-0.7803921568627451,-0.24431818181818185,10
