env,nq,mq,drop,tps,tag,seed,era,run_dir,status,final_score,peak_score,wall_hours,last_step,final_frac,type,job_id,purpose,maxsteps
door-binary-v0,10,2,0.01,0.0,baseline,0,washu,door-binary-v0_nq10_mq2_drop0.01_s0,done,-4923.999938964844,-4400.0,5.79,1000000.0,0.7538000030517578,,,,
door-binary-v0,10,2,0.01,0.0,baseline,1,washu,door-binary-v0_nq10_mq2_drop0.01_s1,done,-3733.5000610351562,-3365.0001525878906,5.73,1000000.0,0.8133249969482421,,,,
door-binary-v0,10,2,0.01,0.0,baseline,2,washu,door-binary-v0_nq10_mq2_drop0.01_s2,done,-4019.5000076293945,-3640.0001525878906,5.14,1000000.0,0.7990249996185302,,,,
door-binary-v0,10,2,0.0,0.0,baseline,0,washu,door-binary-v0_nq10_mq2_nodrop_s0,done,-3478.5000228881836,-3295.0000762939453,4.88,1000000.0,0.8260749988555909,,,,
door-binary-v0,10,2,0.0,0.0,baseline,1,washu,door-binary-v0_nq10_mq2_nodrop_s1,done,-3608.9999389648438,-3225.0,4.9,1000000.0,0.8195500030517578,,,,
door-binary-v0,10,2,0.0,0.0,baseline,2,washu,door-binary-v0_nq10_mq2_nodrop_s2,done,-4240.500030517578,-4015.0001525878906,6.4,1000000.0,0.7879749984741211,,,,
door-binary-v0,10,2,0.0,0.2,baseline,0,washu,door-binary-v0_nq10_mq2_nodrop_tps0.2_s0,done,-4252.9999923706055,-4100.0,3.9,1000000.0,0.7873500003814697,,,,
door-binary-v0,10,2,0.0,0.2,baseline,1,washu,door-binary-v0_nq10_mq2_nodrop_tps0.2_s1,done,-4591.000061035156,-4395.000076293945,6.4,1000000.0,0.7704499969482421,,,,
door-binary-v0,10,2,0.0,0.2,baseline,2,washu,door-binary-v0_nq10_mq2_nodrop_tps0.2_s2,done,-3405.999984741211,-3320.0000762939453,5.05,1000000.0,0.8297000007629395,,,,
door-binary-v0,2,2,0.01,0.0,baseline,0,washu,door-binary-v0_nq2_mq2_drop0.01_s0,done,-5816.000061035156,-5154.999923706055,4.14,1000000.0,0.7091999969482422,,,,
door-binary-v0,2,2,0.01,0.0,baseline,1,washu,door-binary-v0_nq2_mq2_drop0.01_s1,done,-3777.5000381469727,-3465.0001525878906,4.17,1000000.0,0.8111249980926514,,,,
door-binary-v0,2,2,0.01,0.0,baseline,2,washu,door-binary-v0_nq2_mq2_drop0.01_s2,done,-5640.0,-4645.000076293945,6.0,1000000.0,0.718,,,,
door-binary-v0,2,2,0.0,0.0,baseline,0,washu,door-binary-v0_nq2_mq2_nodrop_s0,done,-8778.000030517578,-4595.000076293945,3.73,1000000.0,0.5610999984741212,,,,
door-binary-v0,2,2,0.0,0.0,baseline,1,washu,door-binary-v0_nq2_mq2_nodrop_s1,done,-10496.499977111816,-5484.999847412109,3.64,1000000.0,0.47517500114440914,,,,
door-binary-v0,2,2,0.0,0.0,baseline,2,washu,door-binary-v0_nq2_mq2_nodrop_s2,done,-4234.5000076293945,-3450.0,2.65,1000000.0,0.7882749996185303,,,,
door-binary-v0,2,2,0.0,0.2,baseline,0,washu,door-binary-v0_nq2_mq2_nodrop_tps0.2_s0,done,-5974.000053405762,-5225.0,4.38,1000000.0,0.7012999973297119,,,,
door-binary-v0,2,2,0.0,0.2,baseline,1,washu,door-binary-v0_nq2_mq2_nodrop_tps0.2_s1,done,-9919.999923706055,-5809.999847412109,3.03,1000000.0,0.5040000038146972,,,,
door-binary-v0,2,2,0.0,0.2,baseline,2,washu,door-binary-v0_nq2_mq2_nodrop_tps0.2_s2,done,-6582.0000076293945,-3879.9999237060547,3.69,1000000.0,0.6708999996185303,,,,
door-binary-v0,4,2,0.01,0.0,baseline,0,washu,door-binary-v0_nq4_mq2_drop0.01_s0,done,-3647.5,-3379.9999237060547,4.76,1000000.0,0.817625,,,,
door-binary-v0,4,2,0.01,0.0,baseline,1,washu,door-binary-v0_nq4_mq2_drop0.01_s1,done,-3945.500030517578,-3325.0,4.79,1000000.0,0.8027249984741212,,,,
door-binary-v0,4,2,0.01,0.0,baseline,2,washu,door-binary-v0_nq4_mq2_drop0.01_s2,done,-3504.9999618530273,-3259.9998474121094,5.94,1000000.0,0.8247500019073486,,,,
door-binary-v0,4,2,0.0,0.0,baseline,0,washu,door-binary-v0_nq4_mq2_nodrop_s0,done,-3395.500011444092,-3085.0000381469727,4.32,1000000.0,0.8302249994277954,,,,
door-binary-v0,4,2,0.0,0.0,baseline,1,washu,door-binary-v0_nq4_mq2_nodrop_s1,done,-14004.000091552734,-3275.0,4.32,1000000.0,0.29979999542236324,,,,
door-binary-v0,4,2,0.0,0.0,baseline,2,washu,door-binary-v0_nq4_mq2_nodrop_s2,done,-3410.4999923706055,-3195.0000762939453,4.8,1000000.0,0.8294750003814697,,,,
door-binary-v0,6,2,0.01,0.0,baseline,0,washu,door-binary-v0_nq6_mq2_drop0.01_s0,done,-5358.499984741211,-4854.999923706055,4.79,1000000.0,0.7320750007629395,,,,
door-binary-v0,6,2,0.01,0.0,baseline,1,washu,door-binary-v0_nq6_mq2_drop0.01_s1,done,-4527.5,-4325.0,4.83,1000000.0,0.773625,,,,
door-binary-v0,6,2,0.01,0.0,baseline,2,washu,door-binary-v0_nq6_mq2_drop0.01_s2,done,-4232.9999923706055,-3804.9999237060547,7.19,1000000.0,0.7883500003814697,,,,
door-binary-v0,6,2,0.0,0.0,baseline,0,washu,door-binary-v0_nq6_mq2_nodrop_s0,done,-4722.499961853027,-4584.999847412109,4.25,1000000.0,0.7638750019073486,,,,
door-binary-v0,6,2,0.0,0.0,baseline,1,washu,door-binary-v0_nq6_mq2_nodrop_s1,done,-3243.499984741211,-3139.9999618530273,4.31,1000000.0,0.8378250007629394,,,,
door-binary-v0,6,2,0.0,0.0,baseline,2,washu,door-binary-v0_nq6_mq2_nodrop_s2,done,-4645.000038146973,-4115.000152587891,6.22,1000000.0,0.7677499980926514,,,,
pen-binary-v0,10,2,0.01,0.0,baseline,0,washu,pen-binary-v0_nq10_mq2_drop0.01_s0,done,-2165.999984741211,-1510.0000381469727,5.68,1000000.0,0.7834000015258789,,,,
pen-binary-v0,10,2,0.01,0.0,baseline,1,washu,pen-binary-v0_nq10_mq2_drop0.01_s1,done,-2135.0,-1594.9999809265137,5.62,1000000.0,0.7865,,,,
pen-binary-v0,10,2,0.01,0.0,baseline,2,washu,pen-binary-v0_nq10_mq2_drop0.01_s2,done,-2406.500015258789,-1500.0,5.62,1000000.0,0.7593499984741211,,,,
pen-binary-v0,10,2,0.01,0.0,baseline,3,washu,pen-binary-v0_nq10_mq2_drop0.01_s3,done,-2146.500015258789,-1629.9999237060547,7.59,1000000.0,0.7853499984741211,,,,
pen-binary-v0,10,2,0.01,0.0,baseline,4,washu,pen-binary-v0_nq10_mq2_drop0.01_s4,done,-2031.5000247955322,-1535.0000381469727,7.36,1000000.0,0.7968499975204468,,,,
pen-binary-v0,10,2,0.0,0.0,baseline,0,washu,pen-binary-v0_nq10_mq2_nodrop_s0,done,-1864.4999885559082,-1435.0000381469727,4.8,1000000.0,0.8135500011444092,,,,
pen-binary-v0,10,2,0.0,0.0,baseline,1,washu,pen-binary-v0_nq10_mq2_nodrop_s1,done,-2098.000011444092,-1664.9999618530273,4.8,1000000.0,0.7901999988555908,,,,
pen-binary-v0,10,2,0.0,0.0,baseline,2,washu,pen-binary-v0_nq10_mq2_nodrop_s2,done,-2360.500011444092,-1610.0000381469727,6.31,1000000.0,0.7639499988555908,,,,
pen-binary-v0,10,2,0.0,0.0,baseline,3,washu,pen-binary-v0_nq10_mq2_nodrop_s3,done,-2087.9999923706055,-1425.0,6.26,1000000.0,0.7912000007629394,,,,
pen-binary-v0,10,2,0.0,0.0,baseline,4,washu,pen-binary-v0_nq10_mq2_nodrop_s4,done,-2013.5000038146973,-1480.0000190734863,5.13,1000000.0,0.7986499996185303,,,,
pen-binary-v0,10,2,0.0,0.1,baseline,0,washu,pen-binary-v0_nq10_mq2_nodrop_tps0.1_s0,done,-2076.0000228881836,-1489.9999618530273,3.98,1000000.0,0.7923999977111816,,,,
pen-binary-v0,10,2,0.0,0.1,baseline,1,washu,pen-binary-v0_nq10_mq2_nodrop_tps0.1_s1,done,-1903.5000038146973,-1530.0000190734863,6.94,1000000.0,0.8096499996185302,,,,
pen-binary-v0,10,2,0.0,0.1,baseline,2,washu,pen-binary-v0_nq10_mq2_nodrop_tps0.1_s2,done,-2187.5000190734863,-1539.9999618530273,4.98,1000000.0,0.7812499980926514,,,,
pen-binary-v0,10,2,0.0,0.2,baseline,0,washu,pen-binary-v0_nq10_mq2_nodrop_tps0.2_s0,done,-1996.500015258789,-1369.9999809265137,7.37,1000000.0,0.8003499984741211,,,,
pen-binary-v0,10,2,0.0,0.2,baseline,1,washu,pen-binary-v0_nq10_mq2_nodrop_tps0.2_s1,done,-2067.0000076293945,-1489.9999618530273,3.64,1000000.0,0.7932999992370605,,,,
pen-binary-v0,10,2,0.0,0.2,baseline,2,washu,pen-binary-v0_nq10_mq2_nodrop_tps0.2_s2,done,-2208.000030517578,-1514.9999618530273,4.92,1000000.0,0.7791999969482422,,,,
pen-binary-v0,10,2,0.0,0.3,baseline,0,washu,pen-binary-v0_nq10_mq2_nodrop_tps0.3_s0,done,-2261.500015258789,-1594.9999809265137,7.09,1000000.0,0.7738499984741211,,,,
pen-binary-v0,10,2,0.0,0.3,baseline,1,washu,pen-binary-v0_nq10_mq2_nodrop_tps0.3_s1,done,-2086.4999961853027,-1585.0000381469727,6.96,1000000.0,0.7913500003814697,,,,
pen-binary-v0,10,2,0.0,0.3,baseline,2,washu,pen-binary-v0_nq10_mq2_nodrop_tps0.3_s2,done,-2314.499988555908,-1645.0000762939453,4.82,1000000.0,0.7685500011444092,,,,
pen-binary-v0,2,1,0.01,0.0,baseline,0,washu,pen-binary-v0_nq2_mq1_drop0.01_s0,done,-4016.0000228881836,-2479.9999237060547,4.0,1000000.0,0.5983999977111816,,,,
pen-binary-v0,2,1,0.01,0.0,baseline,1,washu,pen-binary-v0_nq2_mq1_drop0.01_s1,done,-4043.499984741211,-2560.0000381469727,3.98,1000000.0,0.5956500015258789,,,,
pen-binary-v0,2,1,0.01,0.0,baseline,2,washu,pen-binary-v0_nq2_mq1_drop0.01_s2,done,-3797.4999809265137,-2095.0000762939453,4.65,1000000.0,0.6202500019073487,,,,
pen-binary-v0,2,1,0.0,0.0,baseline,0,washu,pen-binary-v0_nq2_mq1_nodrop_s0,done,-9997.999954223633,-6444.999694824219,3.53,1000000.0,0.0002000045776366921,,,,
pen-binary-v0,2,1,0.0,0.0,baseline,1,washu,pen-binary-v0_nq2_mq1_nodrop_s1,done,-9864.000091552734,-6245.000076293945,3.59,1000000.0,0.013599990844726517,,,,
pen-binary-v0,2,1,0.0,0.0,baseline,2,washu,pen-binary-v0_nq2_mq1_nodrop_s2,done,-9989.499969482422,-5740.000152587891,3.97,1000000.0,0.0010500030517578418,,,,
pen-binary-v0,2,2,0.01,0.0,baseline,0,washu,pen-binary-v0_nq2_mq2_drop0.01_s0,done,-2523.499984741211,-1810.0000381469727,4.17,1000000.0,0.7476500015258789,,,,
pen-binary-v0,2,2,0.01,0.0,baseline,1,washu,pen-binary-v0_nq2_mq2_drop0.01_s1,done,-2693.9999961853027,-1895.0000762939453,4.05,1000000.0,0.7306000003814697,,,,
pen-binary-v0,2,2,0.01,0.0,baseline,2,washu,pen-binary-v0_nq2_mq2_drop0.01_s2,done,-3049.5000076293945,-1945.0000762939453,5.83,1000000.0,0.6950499992370606,,,,
pen-binary-v0,2,2,0.01,0.0,baseline,3,washu,pen-binary-v0_nq2_mq2_drop0.01_s3,done,-2789.000015258789,-1979.9999237060547,3.18,1000000.0,0.7210999984741211,,,,
pen-binary-v0,2,2,0.01,0.0,baseline,4,washu,pen-binary-v0_nq2_mq2_drop0.01_s4,done,-2703.9999771118164,-1729.9999237060547,5.33,1000000.0,0.7296000022888184,,,,
pen-binary-v0,2,2,0.0,0.0,baseline,0,washu,pen-binary-v0_nq2_mq2_nodrop_s0,done,-4749.000015258789,-3050.0,3.56,1000000.0,0.5250999984741211,,,,
pen-binary-v0,2,2,0.0,0.0,baseline,1,washu,pen-binary-v0_nq2_mq2_nodrop_s1,done,-5003.499984741211,-3110.0000381469727,3.53,1000000.0,0.4996500015258789,,,,
pen-binary-v0,2,2,0.0,0.0,baseline,2,washu,pen-binary-v0_nq2_mq2_nodrop_s2,done,-4562.9999351501465,-2610.0000381469727,3.54,1000000.0,0.5437000064849853,,,,
pen-binary-v0,2,2,0.0,0.0,baseline,3,washu,pen-binary-v0_nq2_mq2_nodrop_s3,done,-4920.499954223633,-2610.0000381469727,2.92,1000000.0,0.5079500045776367,,,,
pen-binary-v0,2,2,0.0,0.0,baseline,4,washu,pen-binary-v0_nq2_mq2_nodrop_s4,done,-4618.500061035156,-2975.0,5.08,1000000.0,0.5381499938964844,,,,
pen-binary-v0,2,2,0.0,0.1,baseline,0,washu,pen-binary-v0_nq2_mq2_nodrop_tps0.1_s0,done,-4835.000076293945,-3259.9998474121094,3.44,1000000.0,0.5164999923706055,,,,
pen-binary-v0,2,2,0.0,0.1,baseline,1,washu,pen-binary-v0_nq2_mq2_nodrop_tps0.1_s1,done,-5125.000057220459,-2614.9999618530273,3.37,1000000.0,0.4874999942779541,,,,
pen-binary-v0,2,2,0.0,0.1,baseline,2,washu,pen-binary-v0_nq2_mq2_nodrop_tps0.1_s2,done,-5001.000061035156,-2775.0,3.67,1000000.0,0.49989999389648443,,,,
pen-binary-v0,2,2,0.0,0.2,baseline,0,washu,pen-binary-v0_nq2_mq2_nodrop_tps0.2_s0,done,-4606.000022888184,-3000.0,5.16,1000000.0,0.5393999977111816,,,,
pen-binary-v0,2,2,0.0,0.2,baseline,1,washu,pen-binary-v0_nq2_mq2_nodrop_tps0.2_s1,done,-4683.000011444092,-2760.0000381469727,5.02,1000000.0,0.5316999988555908,,,,
pen-binary-v0,2,2,0.0,0.2,baseline,2,washu,pen-binary-v0_nq2_mq2_nodrop_tps0.2_s2,done,-4964.999961853027,-3179.9999237060547,3.59,1000000.0,0.5035000038146973,,,,
pen-binary-v0,2,2,0.0,0.3,baseline,0,washu,pen-binary-v0_nq2_mq2_nodrop_tps0.3_s0,done,-5318.499984741211,-4340.000152587891,3.29,1000000.0,0.46815000152587893,,,,
pen-binary-v0,2,2,0.0,0.3,baseline,1,washu,pen-binary-v0_nq2_mq2_nodrop_tps0.3_s1,done,-5321.500053405762,-3634.9998474121094,4.15,1000000.0,0.4678499946594238,,,,
pen-binary-v0,2,2,0.0,0.3,baseline,2,washu,pen-binary-v0_nq2_mq2_nodrop_tps0.3_s2,done,-6160.500030517578,-2689.9999618530273,3.67,1000000.0,0.38394999694824217,,,,
pen-binary-v0,4,2,0.01,0.0,baseline,0,washu,pen-binary-v0_nq4_mq2_drop0.01_s0,done,-2103.5000038146973,-1510.0000381469727,4.69,1000000.0,0.7896499996185302,,,,
pen-binary-v0,4,2,0.01,0.0,baseline,1,washu,pen-binary-v0_nq4_mq2_drop0.01_s1,done,-2162.9999923706055,-1560.0000381469727,4.62,1000000.0,0.7837000007629394,,,,
pen-binary-v0,4,2,0.01,0.0,baseline,2,washu,pen-binary-v0_nq4_mq2_drop0.01_s2,done,-2543.9999961853027,-1754.9999237060547,7.03,1000000.0,0.7456000003814698,,,,
pen-binary-v0,4,2,0.0,0.0,baseline,0,washu,pen-binary-v0_nq4_mq2_nodrop_s0,done,-3131.999988555908,-2160.0000381469727,4.25,1000000.0,0.6868000011444092,,,,
pen-binary-v0,4,2,0.0,0.0,baseline,1,washu,pen-binary-v0_nq4_mq2_nodrop_s1,done,-3228.4999465942383,-2079.9999237060547,4.13,1000000.0,0.6771500053405761,,,,
pen-binary-v0,4,2,0.0,0.0,baseline,2,washu,pen-binary-v0_nq4_mq2_nodrop_s2,done,-3468.9999961853027,-1995.0000762939453,4.16,1000000.0,0.6531000003814698,,,,
pen-binary-v0,6,2,0.01,0.0,baseline,0,washu,pen-binary-v0_nq6_mq2_drop0.01_s0,done,-2255.4999923706055,-1510.0000381469727,4.73,1000000.0,0.7744500007629395,,,,
pen-binary-v0,6,2,0.01,0.0,baseline,1,washu,pen-binary-v0_nq6_mq2_drop0.01_s1,done,-2234.5000076293945,-1695.0000762939453,4.76,1000000.0,0.7765499992370606,,,,
pen-binary-v0,6,2,0.01,0.0,baseline,2,washu,pen-binary-v0_nq6_mq2_drop0.01_s2,done,-2366.5000343322754,-1580.0000190734863,7.37,1000000.0,0.7633499965667725,,,,
pen-binary-v0,6,2,0.0,0.0,baseline,0,washu,pen-binary-v0_nq6_mq2_nodrop_s0,done,-2272.5,-1560.0000381469727,4.22,1000000.0,0.77275,,,,
pen-binary-v0,6,2,0.0,0.0,baseline,1,washu,pen-binary-v0_nq6_mq2_nodrop_s1,done,-2444.500026702881,-1610.0000381469727,4.25,1000000.0,0.755549997329712,,,,
pen-binary-v0,6,2,0.0,0.0,baseline,2,washu,pen-binary-v0_nq6_mq2_nodrop_s2,done,-2313.499984741211,-1535.0000381469727,5.84,1000000.0,0.7686500015258789,,,,
pen-binary-v0,2,1,0.0,0.0,baseline,0,april,,done,-9944.0,-6600.0,,,0.005600000000000049,standard,49894145.0,no dropout grid,2000000.0
pen-binary-v0,2,1,0.0,0.0,baseline,1,april,,TODO,,,,,,standard,,no dropout grid,2000000.0
pen-binary-v0,2,1,0.0,0.0,baseline,2,april,,TODO,,,,,,standard,,no dropout grid,2000000.0
pen-binary-v0,2,1,0.0,0.0,baseline,3,april,,TODO,,,,,,standard,,no dropout grid,2000000.0
pen-binary-v0,2,1,0.0,0.0,baseline,4,april,,TODO,,,,,,standard,,no dropout grid,2000000.0
pen-binary-v0,2,2,0.0,0.0,baseline,0,april,,done,-4454.5,-3045.0,,,0.55455,standard,49894145.0,no dropout grid,2000000.0
pen-binary-v0,2,2,0.0,0.0,baseline,1,april,,done,-4968.0,-2930.0,,,0.5032,standard,49894146.0,no dropout grid,2000000.0
pen-binary-v0,2,2,0.0,0.0,baseline,2,april,,done,-5003.0,-3200.0,,,0.49970000000000003,standard,49894146.0,no dropout grid,2000000.0
pen-binary-v0,2,2,0.0,0.0,baseline,3,april,,done,-4764.0,-3375.0,,,0.5236000000000001,standard,49894147.0,no dropout grid,2000000.0
pen-binary-v0,2,2,0.0,0.0,baseline,4,april,,done,-4159.0,-2850.0,,,0.5841000000000001,standard,49894147.0,no dropout grid,2000000.0
pen-binary-v0,4,2,0.0,0.0,baseline,0,april,,done,-2921.5,-2125.0,,,0.70785,standard,49894148.0,no dropout grid,2000000.0
pen-binary-v0,4,2,0.0,0.0,baseline,1,april,,TODO,,,,,,standard,,no dropout grid,2000000.0
pen-binary-v0,4,2,0.0,0.0,baseline,2,april,,TODO,,,,,,standard,,no dropout grid,2000000.0
pen-binary-v0,4,2,0.0,0.0,baseline,3,april,,TODO,,,,,,standard,,no dropout grid,2000000.0
pen-binary-v0,4,2,0.0,0.0,baseline,4,april,,TODO,,,,,,standard,,no dropout grid,2000000.0
pen-binary-v0,6,2,0.0,0.0,baseline,0,april,,done,-2188.0,-1770.0,,,0.7812,standard,49894149.0,no dropout grid,2000000.0
pen-binary-v0,6,2,0.0,0.0,baseline,1,april,,TODO,,,,,,standard,,no dropout grid,2000000.0
pen-binary-v0,6,2,0.0,0.0,baseline,2,april,,TODO,,,,,,standard,,no dropout grid,2000000.0
pen-binary-v0,6,2,0.0,0.0,baseline,3,april,,TODO,,,,,,standard,,no dropout grid,2000000.0
pen-binary-v0,6,2,0.0,0.0,baseline,4,april,,TODO,,,,,,standard,,no dropout grid,2000000.0
pen-binary-v0,10,2,0.0,0.0,baseline,0,april,,done,-2093.0,-1450.0,,,0.7907,standard,49894150.0,no dropout grid,2000000.0
pen-binary-v0,10,2,0.0,0.0,baseline,1,april,,done,-2137.5,-1515.0,,,0.78625,standard,49894161.0,no dropout grid,2000000.0
pen-binary-v0,10,2,0.0,0.0,baseline,2,april,,done,-2036.0,-1475.0,,,0.7964,standard,49894161.0,no dropout grid,2000000.0
pen-binary-v0,10,2,0.0,0.0,baseline,3,april,,done,-2081.5,-1560.0,,,0.7918499999999999,standard,49894162.0,no dropout grid,2000000.0
pen-binary-v0,10,2,0.0,0.0,baseline,4,april,,done,-2041.5,-1495.0,,,0.79585,standard,49894162.0,no dropout grid,2000000.0
pen-binary-v0,2,1,0.01,0.0,baseline,0,april,,done,-3551.5,-2450.0,,,0.6448499999999999,standard,50038645.0,dropout grid,2000000.0
pen-binary-v0,2,1,0.01,0.0,baseline,1,april,,TODO,,,,,,standard,,dropout grid,2000000.0
pen-binary-v0,2,1,0.01,0.0,baseline,2,april,,TODO,,,,,,standard,,dropout grid,2000000.0
pen-binary-v0,2,1,0.01,0.0,baseline,3,april,,TODO,,,,,,standard,,dropout grid,2000000.0
pen-binary-v0,2,1,0.01,0.0,baseline,4,april,,TODO,,,,,,standard,,dropout grid,2000000.0
pen-binary-v0,2,2,0.01,0.0,baseline,0,april,,done,-2835.0,-2065.0,,,0.7165,standard,50038557.0,dropout grid,2000000.0
pen-binary-v0,2,2,0.01,0.0,baseline,1,april,,done,-3063.5,-1985.0,,,0.69365,standard,50038572.0,dropout grid,2000000.0
pen-binary-v0,2,2,0.01,0.0,baseline,2,april,,done,-3453.0,-1885.0,,,0.6547000000000001,standard,50038572.0,dropout grid,2000000.0
pen-binary-v0,2,2,0.01,0.0,baseline,3,april,,done,-2679.5,-1940.0,,,0.73205,standard,50038577.0,dropout grid,2000000.0
pen-binary-v0,2,2,0.01,0.0,baseline,4,april,,done,-2610.5,-1875.0,,,0.73895,standard,50038577.0,dropout grid,2000000.0
pen-binary-v0,4,2,0.01,0.0,baseline,0,april,,done,-2576.5,-1755.0,,,0.7423500000000001,standard,50038669.0,dropout grid,2000000.0
pen-binary-v0,4,2,0.01,0.0,baseline,1,april,,TODO,,,,,,standard,,dropout grid,2000000.0
pen-binary-v0,4,2,0.01,0.0,baseline,2,april,,TODO,,,,,,standard,,dropout grid,2000000.0
pen-binary-v0,4,2,0.01,0.0,baseline,3,april,,TODO,,,,,,standard,,dropout grid,2000000.0
pen-binary-v0,4,2,0.01,0.0,baseline,4,april,,TODO,,,,,,standard,,dropout grid,2000000.0
pen-binary-v0,6,2,0.01,0.0,baseline,0,april,,done,-2272.5,-1585.0,,,0.77275,standard,50038680.0,dropout grid,2000000.0
pen-binary-v0,6,2,0.01,0.0,baseline,1,april,,TODO,,,,,,standard,,dropout grid,2000000.0
pen-binary-v0,6,2,0.01,0.0,baseline,2,april,,TODO,,,,,,standard,,dropout grid,2000000.0
pen-binary-v0,6,2,0.01,0.0,baseline,3,april,,TODO,,,,,,standard,,dropout grid,2000000.0
pen-binary-v0,6,2,0.01,0.0,baseline,4,april,,TODO,,,,,,standard,,dropout grid,2000000.0
pen-binary-v0,10,2,0.01,0.0,baseline,0,april,,done,-2149.5,-1490.0,,,0.78505,standard,50038669.0,dropout grid,2000000.0
pen-binary-v0,10,2,0.01,0.0,baseline,1,april,,TODO,,,,,,standard,,dropout grid,2000000.0
pen-binary-v0,10,2,0.01,0.0,baseline,2,april,,TODO,,,,,,standard,,dropout grid,2000000.0
pen-binary-v0,10,2,0.01,0.0,baseline,3,april,,TODO,,,,,,standard,,dropout grid,2000000.0
pen-binary-v0,10,2,0.01,0.0,baseline,4,april,,TODO,,,,,,standard,,dropout grid,2000000.0
pen-binary-v0,2,2,0.005,0.0,baseline,0,april,,done,-3002.0,-1905.0,,,0.6998,standard,50038557.0,rate sweep,2000000.0
pen-binary-v0,2,2,0.005,0.0,baseline,1,april,,TODO,,,,,,standard,,rate sweep,2000000.0
pen-binary-v0,2,2,0.005,0.0,baseline,2,april,,TODO,,,,,,standard,,rate sweep,2000000.0
pen-binary-v0,2,2,0.02,0.0,baseline,0,april,,done,-2679.5,-1950.0,,,0.73205,standard,50038619.0,rate sweep,2000000.0
pen-binary-v0,2,2,0.02,0.0,baseline,1,april,,TODO,,,,,,standard,,rate sweep,2000000.0
pen-binary-v0,2,2,0.02,0.0,baseline,2,april,,TODO,,,,,,standard,,rate sweep,2000000.0
pen-binary-v0,2,2,0.05,0.0,baseline,0,april,,done,-3141.0,-2000.0,,,0.6859,standard,50038619.0,rate sweep,2000000.0
pen-binary-v0,2,2,0.1,0.0,baseline,0,april,,done,-3128.0,-1975.0,,,0.6872,standard,50038645.0,rate sweep,2000000.0
pen-binary-v0,2,1,0.0,0.0,baseline,0,april,,done,-9940.5,-5490.0,,,0.005950000000000011,DIAG,49894177.0,DIAG,2000000.0
pen-binary-v0,2,2,0.0,0.0,baseline,0,april,,done,-5285.5,-3100.0,,,0.47145000000000004,DIAG,49894177.0,DIAG,2000000.0
pen-binary-v0,2,1,0.01,0.0,baseline,0,april,,done,-2894.5,-1675.0,,,0.71055,DIAG,49894178.0,DIAG,2000000.0
pen-binary-v0,2,2,0.01,0.0,baseline,0,april,,TODO,,,,,,DIAG,,DIAG,2000000.0
pen-binary-v0,4,2,0.0,0.0,baseline,0,april,,done,-2866.5,-2020.0,,,0.7133499999999999,DIAG,49894179.0,DIAG,2000000.0
pen-binary-v0,6,2,0.0,0.0,baseline,0,april,,done,-2339.0,-1565.0,,,0.7661,DIAG,49894184.0,DIAG,2000000.0
pen-binary-v0,10,2,0.0,0.0,baseline,0,april,,done,-2008.0,-1470.0,,,0.7992,DIAG,49894185.0,DIAG,2000000.0
pen-binary-v0,4,2,0.01,0.0,baseline,0,april,,TODO,,,,,,DIAG,,DIAG dropout vs N,2000000.0
pen-binary-v0,6,2,0.01,0.0,baseline,0,april,,TODO,,,,,,DIAG,,DIAG dropout vs N,2000000.0
pen-binary-v0,10,2,0.01,0.0,baseline,0,april,,TODO,,,,,,DIAG,,DIAG dropout vs N,2000000.0
door-binary-v0,2,1,0.0,0.0,baseline,0,april,,done,-11249.0,-6860.0,,,0.43755,standard,49894172.0,no dropout grid,2000000.0
door-binary-v0,2,1,0.0,0.0,baseline,1,april,,TODO,,,,,,standard,,no dropout grid,2000000.0
door-binary-v0,2,1,0.0,0.0,baseline,2,april,,TODO,,,,,,standard,,no dropout grid,2000000.0
door-binary-v0,2,1,0.0,0.0,baseline,3,april,,TODO,,,,,,standard,,no dropout grid,2000000.0
door-binary-v0,2,1,0.0,0.0,baseline,4,april,,TODO,,,,,,standard,,no dropout grid,2000000.0
door-binary-v0,2,2,0.0,0.0,baseline,0,april,,done,-17151.5,-6990.0,,,0.14242500000000002,standard,49894172.0,no dropout grid,2000000.0
door-binary-v0,2,2,0.0,0.0,baseline,1,april,,TODO,,,,,,standard,,no dropout grid,2000000.0
door-binary-v0,2,2,0.0,0.0,baseline,2,april,,TODO,,,,,,standard,,no dropout grid,2000000.0
door-binary-v0,2,2,0.0,0.0,baseline,3,april,,TODO,,,,,,standard,,no dropout grid,2000000.0
door-binary-v0,2,2,0.0,0.0,baseline,4,april,,TODO,,,,,,standard,,no dropout grid,2000000.0
door-binary-v0,4,2,0.0,0.0,baseline,0,april,,TODO,,,,,,standard,,no dropout grid,2000000.0
door-binary-v0,4,2,0.0,0.0,baseline,1,april,,TODO,,,,,,standard,,no dropout grid,2000000.0
door-binary-v0,4,2,0.0,0.0,baseline,2,april,,TODO,,,,,,standard,,no dropout grid,2000000.0
door-binary-v0,4,2,0.0,0.0,baseline,3,april,,TODO,,,,,,standard,,no dropout grid,2000000.0
door-binary-v0,4,2,0.0,0.0,baseline,4,april,,TODO,,,,,,standard,,no dropout grid,2000000.0
door-binary-v0,6,2,0.0,0.0,baseline,0,april,,TODO,,,,,,standard,,no dropout grid,2000000.0
door-binary-v0,6,2,0.0,0.0,baseline,1,april,,TODO,,,,,,standard,,no dropout grid,2000000.0
door-binary-v0,6,2,0.0,0.0,baseline,2,april,,TODO,,,,,,standard,,no dropout grid,2000000.0
door-binary-v0,6,2,0.0,0.0,baseline,3,april,,TODO,,,,,,standard,,no dropout grid,2000000.0
door-binary-v0,6,2,0.0,0.0,baseline,4,april,,TODO,,,,,,standard,,no dropout grid,2000000.0
door-binary-v0,10,2,0.0,0.0,baseline,0,april,,done,-4637.0,-4440.0,,,0.76815,standard,49894175.0,no dropout grid,2000000.0
door-binary-v0,10,2,0.0,0.0,baseline,1,april,,done,-3344.0,-3050.0,,,0.8328,standard,49894175.0,no dropout grid,2000000.0
door-binary-v0,10,2,0.0,0.0,baseline,2,april,,done,-4401.5,-3570.0,,,0.779925,standard,49894176.0,no dropout grid,2000000.0
door-binary-v0,10,2,0.0,0.0,baseline,3,april,,TODO,,,,,,standard,,no dropout grid,2000000.0
door-binary-v0,10,2,0.0,0.0,baseline,4,april,,TODO,,,,,,standard,,no dropout grid,2000000.0
door-binary-v0,2,1,0.01,0.0,baseline,0,april,,done,-5219.5,-3230.0,,,0.739025,standard,50044220.0,dropout grid,2000000.0
door-binary-v0,2,1,0.01,0.0,baseline,1,april,,TODO,,,,,,standard,,dropout grid,2000000.0
door-binary-v0,2,1,0.01,0.0,baseline,2,april,,TODO,,,,,,standard,,dropout grid,2000000.0
door-binary-v0,2,1,0.01,0.0,baseline,3,april,,TODO,,,,,,standard,,dropout grid,2000000.0
door-binary-v0,2,1,0.01,0.0,baseline,4,april,,TODO,,,,,,standard,,dropout grid,2000000.0
door-binary-v0,2,2,0.01,0.0,baseline,0,april,,done,-5187.5,-4520.0,,,0.740625,standard,50038680.0,dropout grid,2000000.0
door-binary-v0,2,2,0.01,0.0,baseline,1,april,,done,-3924.0,-3265.0,,,0.8038,standard,50044212.0,dropout grid,2000000.0
door-binary-v0,2,2,0.01,0.0,baseline,2,april,,done,-3832.0,-3290.0,,,0.8084,standard,50044212.0,dropout grid,2000000.0
door-binary-v0,2,2,0.01,0.0,baseline,3,april,,TODO,,,,,,standard,,dropout grid,2000000.0
door-binary-v0,2,2,0.01,0.0,baseline,4,april,,TODO,,,,,,standard,,dropout grid,2000000.0
door-binary-v0,4,2,0.01,0.0,baseline,0,april,,TODO,,,,,,standard,,dropout grid,2000000.0
door-binary-v0,4,2,0.01,0.0,baseline,1,april,,TODO,,,,,,standard,,dropout grid,2000000.0
door-binary-v0,4,2,0.01,0.0,baseline,2,april,,TODO,,,,,,standard,,dropout grid,2000000.0
door-binary-v0,4,2,0.01,0.0,baseline,3,april,,TODO,,,,,,standard,,dropout grid,2000000.0
door-binary-v0,4,2,0.01,0.0,baseline,4,april,,TODO,,,,,,standard,,dropout grid,2000000.0
door-binary-v0,6,2,0.01,0.0,baseline,0,april,,TODO,,,,,,standard,,dropout grid,2000000.0
door-binary-v0,6,2,0.01,0.0,baseline,1,april,,TODO,,,,,,standard,,dropout grid,2000000.0
door-binary-v0,6,2,0.01,0.0,baseline,2,april,,TODO,,,,,,standard,,dropout grid,2000000.0
door-binary-v0,6,2,0.01,0.0,baseline,3,april,,TODO,,,,,,standard,,dropout grid,2000000.0
door-binary-v0,6,2,0.01,0.0,baseline,4,april,,TODO,,,,,,standard,,dropout grid,2000000.0
door-binary-v0,10,2,0.01,0.0,baseline,0,april,,done,-4983.0,-4815.0,,,0.75085,standard,50044220.0,dropout grid,2000000.0
door-binary-v0,10,2,0.01,0.0,baseline,1,april,,TODO,,,,,,standard,,dropout grid,2000000.0
door-binary-v0,10,2,0.01,0.0,baseline,2,april,,TODO,,,,,,standard,,dropout grid,2000000.0
door-binary-v0,10,2,0.01,0.0,baseline,3,april,,TODO,,,,,,standard,,dropout grid,2000000.0
door-binary-v0,10,2,0.01,0.0,baseline,4,april,,TODO,,,,,,standard,,dropout grid,2000000.0
door-binary-v0,2,2,0.005,0.0,baseline,0,april,,TODO,,,,,,standard,,rate sweep,2000000.0
door-binary-v0,2,2,0.005,0.0,baseline,1,april,,TODO,,,,,,standard,,rate sweep,2000000.0
door-binary-v0,2,2,0.005,0.0,baseline,2,april,,TODO,,,,,,standard,,rate sweep,2000000.0
door-binary-v0,2,2,0.02,0.0,baseline,0,april,,TODO,,,,,,standard,,rate sweep,2000000.0
door-binary-v0,2,2,0.02,0.0,baseline,1,april,,TODO,,,,,,standard,,rate sweep,2000000.0
door-binary-v0,2,2,0.02,0.0,baseline,2,april,,TODO,,,,,,standard,,rate sweep,2000000.0
door-binary-v0,2,1,0.0,0.0,baseline,0,april,,done,-11594.5,-6105.0,,,0.42027499999999995,DIAG,49894186.0,DIAG,2000000.0
door-binary-v0,2,2,0.0,0.0,baseline,0,april,,done,-13287.5,-7210.0,,,0.33562499999999995,DIAG,49894186.0,DIAG,2000000.0
door-binary-v0,2,1,0.01,0.0,baseline,0,april,,TODO,,,,,,DIAG,,DIAG,2000000.0
door-binary-v0,2,2,0.01,0.0,baseline,0,april,,done,-4190.0,-3250.0,,,0.7905,DIAG,50044235.0,DIAG,2000000.0
antmaze-large-diverse-v2,2,1,0.0,0.0,baseline,0,april,,TODO,,,,,,standard,,mq1 control,300000.0
antmaze-large-diverse-v2,2,1,0.0,0.0,baseline,1,april,,TODO,,,,,,standard,,mq1 control,300000.0
antmaze-large-diverse-v2,2,1,0.0,0.0,baseline,2,april,,TODO,,,,,,standard,,mq1 control,300000.0
antmaze-large-diverse-v2,2,1,0.0,0.0,baseline,3,april,,TODO,,,,,,standard,,mq1 control,300000.0
antmaze-large-diverse-v2,2,1,0.0,0.0,baseline,4,april,,TODO,,,,,,standard,,mq1 control,300000.0
antmaze-large-diverse-v2,2,2,0.0,0.0,baseline,0,april,,TODO,,,,,,standard,,ensemble redundant,300000.0
antmaze-large-diverse-v2,2,2,0.0,0.0,baseline,1,april,,TODO,,,,,,standard,,ensemble redundant,300000.0
antmaze-large-diverse-v2,2,2,0.0,0.0,baseline,2,april,,TODO,,,,,,standard,,ensemble redundant,300000.0
antmaze-large-diverse-v2,2,2,0.0,0.0,baseline,3,april,,TODO,,,,,,standard,,ensemble redundant,300000.0
antmaze-large-diverse-v2,2,2,0.0,0.0,baseline,4,april,,TODO,,,,,,standard,,ensemble redundant,300000.0
antmaze-large-diverse-v2,2,2,0.01,0.0,baseline,0,april,,TODO,,,,,,standard,,dropout neutral,300000.0
antmaze-large-diverse-v2,2,2,0.01,0.0,baseline,1,april,,TODO,,,,,,standard,,dropout neutral,300000.0
antmaze-large-diverse-v2,2,2,0.01,0.0,baseline,2,april,,TODO,,,,,,standard,,dropout neutral,300000.0
antmaze-large-diverse-v2,2,2,0.01,0.0,baseline,3,april,,TODO,,,,,,standard,,dropout neutral,300000.0
antmaze-large-diverse-v2,2,2,0.01,0.0,baseline,4,april,,TODO,,,,,,standard,,dropout neutral,300000.0
antmaze-large-diverse-v2,10,1,0.0,0.0,baseline,0,april,,TODO,,,,,,standard,,mq1 control,300000.0
antmaze-large-diverse-v2,10,1,0.0,0.0,baseline,1,april,,TODO,,,,,,standard,,mq1 control,300000.0
antmaze-large-diverse-v2,10,1,0.0,0.0,baseline,2,april,,TODO,,,,,,standard,,mq1 control,300000.0
antmaze-large-diverse-v2,10,1,0.0,0.0,baseline,3,april,,TODO,,,,,,standard,,mq1 control,300000.0
antmaze-large-diverse-v2,10,1,0.0,0.0,baseline,4,april,,TODO,,,,,,standard,,mq1 control,300000.0
antmaze-large-diverse-v2,10,2,0.0,0.0,baseline,0,april,,TODO,,,,,,standard,,ensemble redundant,300000.0
antmaze-large-diverse-v2,10,2,0.0,0.0,baseline,1,april,,TODO,,,,,,standard,,ensemble redundant,300000.0
antmaze-large-diverse-v2,10,2,0.0,0.0,baseline,2,april,,TODO,,,,,,standard,,ensemble redundant,300000.0
antmaze-large-diverse-v2,10,2,0.0,0.0,baseline,3,april,,TODO,,,,,,standard,,ensemble redundant,300000.0
antmaze-large-diverse-v2,10,2,0.0,0.0,baseline,4,april,,TODO,,,,,,standard,,ensemble redundant,300000.0
antmaze-large-diverse-v2,2,1,0.0,0.0,baseline,0,april,,TODO,,,,,,DIAG,,antmaze DIAG,300000.0
antmaze-large-diverse-v2,2,2,0.0,0.0,baseline,0,april,,TODO,,,,,,DIAG,,antmaze DIAG,300000.0
halfcheetah-medium-v2,2,1,0.0,0.0,baseline,0,april,,TODO,,,,,,standard,,mq1 control,250000.0
halfcheetah-medium-v2,2,1,0.0,0.0,baseline,1,april,,TODO,,,,,,standard,,mq1 control,250000.0
halfcheetah-medium-v2,2,1,0.0,0.0,baseline,2,april,,TODO,,,,,,standard,,mq1 control,250000.0
halfcheetah-medium-v2,2,1,0.0,0.0,baseline,3,april,,TODO,,,,,,standard,,mq1 control,250000.0
halfcheetah-medium-v2,2,1,0.0,0.0,baseline,4,april,,TODO,,,,,,standard,,mq1 control,250000.0
halfcheetah-medium-v2,2,2,0.0,0.0,baseline,0,april,,TODO,,,,,,standard,,dense reward,250000.0
halfcheetah-medium-v2,2,2,0.0,0.0,baseline,1,april,,TODO,,,,,,standard,,dense reward,250000.0
halfcheetah-medium-v2,2,2,0.0,0.0,baseline,2,april,,TODO,,,,,,standard,,dense reward,250000.0
halfcheetah-medium-v2,2,2,0.0,0.0,baseline,3,april,,TODO,,,,,,standard,,dense reward,250000.0
halfcheetah-medium-v2,2,2,0.0,0.0,baseline,4,april,,TODO,,,,,,standard,,dense reward,250000.0
halfcheetah-medium-v2,2,2,0.01,0.0,baseline,0,april,,TODO,,,,,,standard,,dropout on dense,250000.0
halfcheetah-medium-v2,2,2,0.01,0.0,baseline,1,april,,TODO,,,,,,standard,,dropout on dense,250000.0
halfcheetah-medium-v2,2,2,0.01,0.0,baseline,2,april,,TODO,,,,,,standard,,dropout on dense,250000.0
halfcheetah-medium-v2,2,2,0.01,0.0,baseline,3,april,,TODO,,,,,,standard,,dropout on dense,250000.0
halfcheetah-medium-v2,2,2,0.01,0.0,baseline,4,april,,TODO,,,,,,standard,,dropout on dense,250000.0
halfcheetah-medium-v2,10,1,0.0,0.0,baseline,0,april,,TODO,,,,,,standard,,mq1 control,250000.0
halfcheetah-medium-v2,10,1,0.0,0.0,baseline,1,april,,TODO,,,,,,standard,,mq1 control,250000.0
halfcheetah-medium-v2,10,1,0.0,0.0,baseline,2,april,,TODO,,,,,,standard,,mq1 control,250000.0
halfcheetah-medium-v2,10,1,0.0,0.0,baseline,3,april,,TODO,,,,,,standard,,mq1 control,250000.0
halfcheetah-medium-v2,10,1,0.0,0.0,baseline,4,april,,TODO,,,,,,standard,,mq1 control,250000.0
halfcheetah-medium-v2,10,2,0.0,0.0,baseline,0,april,,TODO,,,,,,standard,,dense reward baseline,250000.0
halfcheetah-medium-v2,10,2,0.0,0.0,baseline,1,april,,TODO,,,,,,standard,,dense reward baseline,250000.0
halfcheetah-medium-v2,10,2,0.0,0.0,baseline,2,april,,TODO,,,,,,standard,,dense reward baseline,250000.0
halfcheetah-medium-v2,10,2,0.0,0.0,baseline,3,april,,TODO,,,,,,standard,,dense reward baseline,250000.0
halfcheetah-medium-v2,10,2,0.0,0.0,baseline,4,april,,TODO,,,,,,standard,,dense reward baseline,250000.0
halfcheetah-medium-v2,10,2,0.01,0.0,baseline,0,april,,TODO,,,,,,standard,,dropout neutral check,250000.0
halfcheetah-medium-v2,2,2,0.0,0.0,baseline,0,april,,TODO,,,,,,DIAG,,locomotion DIAG,250000.0
halfcheetah-medium-v2,2,2,0.01,0.0,baseline,0,april,,TODO,,,,,,DIAG,,locomotion DIAG,250000.0
