step,success_rate,normalized_score,elapsed_min,tag,critic_loss,mean_q,roughness,roughness_s001,roughness_s01,q_abs_mean_diag
0,-200.0,-20000.0,0.08207176923751831,baseline,0.0,0.0,0.000283,1.2e-05,0.001042,0.093564
5000,-200.0,-20000.0,1.7580495278040569,baseline,0.29071909189224243,-1.3921812772750854,,,,
10000,-200.0,-20000.0,5.7949567039807635,baseline,0.020447051152586937,-99.68318176269531,,,,
15000,-200.0,-20000.0,7.377352742354075,baseline,1.0465679168701172,-76.48845672607422,,,,
20000,-200.0,-20000.0,8.953523985544841,baseline,0.18033231794834137,-65.18949127197266,,,,
25000,-200.0,-20000.0,10.529703962802888,baseline,0.20767250657081604,-50.19244384765625,,,,
30000,-200.0,-20000.0,12.117717484633127,baseline,0.2764981687068939,-61.082435607910156,,,,
35000,-200.0,-20000.0,13.696786773204803,baseline,0.07650189846754074,-46.56840515136719,,,,
40000,-200.0,-20000.0,15.281793928146362,baseline,0.16509763896465302,-48.72007751464844,,,,
45000,-193.3,-19330.00030517578,16.868671373526254,baseline,0.1754010170698166,-59.77290725708008,,,,
50000,-134.9,-13489.999389648438,18.445126899083455,baseline,0.24062013626098633,-49.9587287902832,0.001068,4.4e-05,0.004339,50.469383
55000,-164.45,-16444.99969482422,20.01314007838567,baseline,0.2880519926548004,-52.13471603393555,,,,
60000,-109.95,-10994.999694824219,21.566884954770405,baseline,0.2990278899669647,-47.92967987060547,,,,
65000,-168.25,-16825.0,23.101034859816235,baseline,0.14748211205005646,-45.20262908935547,,,,
70000,-94.05,-9405.000305175781,24.629179032643638,baseline,0.34167471528053284,-47.82154846191406,,,,
75000,-121.2,-12119.999694824219,26.16111394961675,baseline,0.32216283679008484,-49.91461944580078,,,,
80000,-109.2,-10919.999694824219,27.69384783109029,baseline,0.2322198450565338,-45.95653533935547,,,,
85000,-160.7,-16069.999694824219,29.25590275923411,baseline,0.28848695755004883,-43.48649215698242,,,,
90000,-94.7,-9469.999694824219,30.785312124093373,baseline,0.38581597805023193,-44.79678726196289,,,,
95000,-136.2,-13619.999694824219,32.335089937845865,baseline,0.31491607427597046,-44.699745178222656,,,,
100000,-88.95,-8894.999694824219,33.859160463015236,baseline,0.5931537747383118,-45.89067459106445,0.000908,3.7e-05,0.003681,49.150814
105000,-122.55,-12255.000305175781,35.39583806594213,baseline,0.3703002631664276,-41.88820266723633,,,,
110000,-60.95,-6095.000076293945,36.91851414442063,baseline,0.3154241144657135,-41.54092025756836,,,,
115000,-91.05,-9105.000305175781,38.45044400294622,baseline,0.3313029408454895,-41.6505241394043,,,,
120000,-61.25,-6125.0,39.97591160535812,baseline,0.25904497504234314,-41.21216583251953,,,,
125000,-61.4,-6140.000152587891,41.503248274326324,baseline,0.2905251085758209,-39.54853439331055,,,,
130000,-86.1,-8609.99984741211,43.04119345347087,baseline,0.3917061388492584,-42.58230209350586,,,,
135000,-44.45,-4445.000076293945,44.57028302748998,baseline,0.4945985972881317,-40.73478317260742,,,,
140000,-89.6,-8959.99984741211,46.107891670862834,baseline,0.39058271050453186,-39.112457275390625,,,,
145000,-50.95,-5095.000076293945,47.63710174560547,baseline,0.2534356713294983,-37.055030822753906,,,,
150000,-53.9,-5390.000152587891,49.164772880077365,baseline,0.3097195029258728,-35.521507263183594,0.000668,2.7e-05,0.002706,45.153404
155000,-49.85,-4984.999847412109,50.70454879204432,baseline,0.21312765777111053,-36.278255462646484,,,,
160000,-36.4,-3640.0001525878906,52.228249951203665,baseline,0.2555393874645233,-34.5499153137207,,,,
165000,-37.55,-3754.9999237060547,53.739136191209155,baseline,0.21552863717079163,-34.06989288330078,,,,
170000,-74.1,-7409.999847412109,55.24741855462392,baseline,0.29712042212486267,-32.443153381347656,,,,
175000,-36.45,-3645.0000762939453,56.754430480798085,baseline,0.3701724112033844,-37.04911422729492,,,,
180000,-34.9,-3490.0001525878906,58.260402043660484,baseline,0.28842633962631226,-35.163089752197266,,,,
185000,-35.15,-3515.0001525878906,59.75515609582265,baseline,0.3589119017124176,-35.18196487426758,,,,
190000,-36.35,-3634.9998474121094,61.24983124732971,baseline,0.3196535110473633,-34.9304313659668,,,,
195000,-34.8,-3479.9999237060547,62.753363251686096,baseline,0.38139858841896057,-34.78329086303711,,,,
200000,-34.45,-3445.0000762939453,64.24809176127116,baseline,0.2482776641845703,-32.40259552001953,0.000721,2.9e-05,0.002916,44.89373
205000,-35.9,-3590.0001525878906,65.75030819972356,baseline,0.2849853038787842,-34.298500061035156,,,,
210000,-37.9,-3790.0001525878906,67.24141877492269,baseline,0.23387876152992249,-32.9877815246582,,,,
215000,-43.5,-4350.0,68.72834736903509,baseline,0.18199953436851501,-34.69935989379883,,,,
220000,-35.8,-3579.9999237060547,70.22751540740332,baseline,0.2174154818058014,-31.412031173706055,,,,
225000,-35.35,-3534.9998474121094,71.72191323041916,baseline,0.17363546788692474,-33.76420211791992,,,,
230000,-42.5,-4250.0,73.2101818561554,baseline,0.18186841905117035,-30.6622314453125,,,,
235000,-35.8,-3579.9999237060547,74.6959608634313,baseline,0.1981099247932434,-32.6269416809082,,,,
240000,-40.5,-4050.0,76.17702318827311,baseline,0.20191872119903564,-33.09063720703125,,,,
245000,-35.15,-3515.0001525878906,77.66141879955927,baseline,0.31668221950531006,-32.788047790527344,,,,
250000,-35.85,-3584.9998474121094,79.14813172419866,baseline,0.2962925136089325,-35.359832763671875,0.000617,2.5e-05,0.00249,44.717487
255000,-36.55,-3654.9999237060547,80.64739281336466,baseline,0.2572959363460541,-32.2330436706543,,,,
260000,-43.1,-4309.999847412109,82.13563237190246,baseline,0.40500664710998535,-33.38172149658203,,,,
265000,-37.8,-3779.9999237060547,83.62085137367248,baseline,0.14980879426002502,-33.9423942565918,,,,
270000,-34.85,-3484.9998474121094,85.10979803005854,baseline,0.2690171003341675,-30.4046688079834,,,,
275000,-34.8,-3479.9999237060547,86.60168929100037,baseline,0.12803085148334503,-32.00779342651367,,,,
280000,-39.15,-3915.0001525878906,88.08604036966959,baseline,0.33942118287086487,-32.0501823425293,,,,
285000,-39.35,-3934.9998474121094,89.57239116430283,baseline,0.23795972764492035,-30.503223419189453,,,,
290000,-34.65,-3465.0001525878906,91.067156513532,baseline,0.24403886497020721,-31.396503448486328,,,,
295000,-35.25,-3525.0,92.55102825164795,baseline,0.15075206756591797,-31.521881103515625,,,,
300000,-34.25,-3425.0,94.03963155349096,baseline,0.22118638455867767,-30.786569595336914,0.000576,2.3e-05,0.002337,43.455204
305000,-39.05,-3904.9999237060547,95.5393710811933,baseline,0.24835999310016632,-31.237531661987305,,,,
310000,-34.7,-3470.0000762939453,97.02612668275833,baseline,0.20865760743618011,-28.926578521728516,,,,
315000,-35.15,-3515.0001525878906,98.51091513236364,baseline,0.33274054527282715,-31.0784854888916,,,,
320000,-34.9,-3490.0001525878906,99.99468840758006,baseline,0.19507376849651337,-30.943185806274414,,,,
325000,-34.55,-3454.9999237060547,101.4914844195048,baseline,0.22664551436901093,-31.83321189880371,,,,
330000,-34.7,-3470.0000762939453,102.98309074640274,baseline,0.27489709854125977,-32.21016311645508,,,,
335000,-34.45,-3445.0000762939453,104.47931968371073,baseline,0.189634308218956,-28.789945602416992,,,,
340000,-49.6,-4959.999847412109,105.9632910768191,baseline,0.20555584132671356,-29.629240036010742,,,,
345000,-35.0,-3500.0,107.45437865654627,baseline,0.1941828727722168,-31.20269203186035,,,,
350000,-43.95,-4395.000076293945,108.94069714546204,baseline,0.21514427661895752,-28.743839263916016,0.00055,2.2e-05,0.002202,44.116875
355000,-35.0,-3500.0,110.43815797170004,baseline,0.19437144696712494,-29.603839874267578,,,,
360000,-34.9,-3490.0001525878906,111.92758640050889,baseline,0.13057975471019745,-27.585187911987305,,,,
365000,-34.55,-3454.9999237060547,113.41778113444646,baseline,0.2166869193315506,-28.51386070251465,,,,
370000,-42.6,-4259.999847412109,114.90282442172368,baseline,0.20041179656982422,-31.187952041625977,,,,
375000,-34.5,-3450.0,116.39644734859466,baseline,0.12435545772314072,-28.340879440307617,,,,
380000,-34.0,-3400.0,117.88896421591441,baseline,0.2794428765773773,-28.799474716186523,,,,
385000,-34.05,-3404.9999237060547,119.38498101631801,baseline,0.12753072381019592,-29.081363677978516,,,,
390000,-33.55,-3354.9999237060547,120.87182023525239,baseline,0.20204082131385803,-28.67835807800293,,,,
395000,-34.55,-3454.9999237060547,122.35545027256012,baseline,0.17973606288433075,-28.15256118774414,,,,
400000,-34.2,-3420.0000762939453,123.84592440923055,baseline,0.16633282601833344,-27.933795928955078,0.000542,2.2e-05,0.002175,42.432266
405000,-36.15,-3615.0001525878906,125.34380492369334,baseline,0.17560473084449768,-27.55048179626465,,,,
410000,-34.25,-3425.0,126.83717192411423,baseline,0.2518773674964905,-27.30716896057129,,,,
415000,-43.2,-4320.000076293945,128.32518699566523,baseline,0.17800463736057281,-28.591943740844727,,,,
420000,-41.8,-4179.999923706055,129.81250393390656,baseline,0.1775759756565094,-28.705591201782227,,,,
425000,-34.8,-3479.9999237060547,131.31229448715845,baseline,0.14617304503917694,-27.50439453125,,,,
430000,-38.15,-3815.0001525878906,132.80321505467097,baseline,0.24146023392677307,-28.9760799407959,,,,
435000,-36.35,-3634.9998474121094,134.3044378876686,baseline,0.1701446771621704,-29.720657348632812,,,,
440000,-39.85,-3984.9998474121094,135.80092443227767,baseline,0.25911247730255127,-28.180871963500977,,,,
445000,-34.1,-3409.9998474121094,137.2934704184532,baseline,0.19488978385925293,-27.691213607788086,,,,
450000,-34.6,-3459.9998474121094,138.7903368194898,baseline,0.13059940934181213,-28.740909576416016,0.000561,2.3e-05,0.002277,43.619759
455000,-50.9,-5090.000152587891,140.2961838444074,baseline,0.13091041147708893,-29.307743072509766,,,,
460000,-35.9,-3590.0001525878906,141.7976484576861,baseline,0.3147578239440918,-28.024322509765625,,,,
465000,-34.45,-3445.0000762939453,143.30199519793192,baseline,0.27636274695396423,-29.135801315307617,,,,
470000,-34.4,-3440.0001525878906,144.79793354670207,baseline,0.15745697915554047,-28.264118194580078,,,,
475000,-37.35,-3734.9998474121094,146.2920722047488,baseline,0.30178171396255493,-26.992124557495117,,,,
480000,-35.45,-3545.0000762939453,147.78124817212424,baseline,0.22253119945526123,-27.727094650268555,,,,
485000,-34.85,-3484.9998474121094,149.27014937003455,baseline,0.19723795354366302,-26.73418617248535,,,,
490000,-43.75,-4375.0,150.77155851920446,baseline,0.37422454357147217,-28.748876571655273,,,,
495000,-33.75,-3375.0,152.2721533338229,baseline,0.16924837231636047,-27.9284725189209,,,,
500000,-33.85,-3384.9998474121094,153.76817946831386,baseline,0.14462773501873016,-26.206501007080078,0.000517,2.1e-05,0.002097,42.583538
505000,-35.3,-3529.9999237060547,155.27381707827251,baseline,0.24274078011512756,-26.49041175842285,,,,
510000,-37.6,-3759.9998474121094,156.75849169095358,baseline,0.12054219096899033,-27.724029541015625,,,,
515000,-34.15,-3415.0001525878906,158.247059293588,baseline,0.3303222358226776,-28.045047760009766,,,,
520000,-34.35,-3434.9998474121094,159.73547132412594,baseline,0.1935834139585495,-27.214435577392578,,,,
525000,-34.95,-3495.0000762939453,161.2227054476738,baseline,0.1531643271446228,-26.77141761779785,,,,
530000,-36.85,-3684.9998474121094,162.71961677074432,baseline,0.23224900662899017,-28.940387725830078,,,,
535000,-35.3,-3529.9999237060547,164.2145299355189,baseline,0.1456349641084671,-27.82966423034668,,,,
540000,-34.15,-3415.0001525878906,165.69854904015858,baseline,0.1652378886938095,-30.008520126342773,,,,
545000,-35.5,-3550.0,167.19374486605327,baseline,0.2847674787044525,-28.677114486694336,,,,
550000,-35.65,-3565.0001525878906,168.6856018702189,baseline,0.16066579520702362,-27.50824546813965,0.000523,2.1e-05,0.00211,43.054813
555000,-35.2,-3520.0000762939453,170.1800164937973,baseline,0.2032320499420166,-28.41764259338379,,,,
560000,-35.85,-3584.9998474121094,171.67002458572387,baseline,0.17921404540538788,-26.360910415649414,,,,
565000,-33.95,-3395.0000762939453,173.1613826592763,baseline,0.20911888778209686,-27.489065170288086,,,,
570000,-34.2,-3420.0000762939453,174.64548756281536,baseline,0.19454239308834076,-27.147912979125977,,,,
575000,-34.4,-3440.0001525878906,176.13825294971465,baseline,0.39457014203071594,-26.915607452392578,,,,
580000,-34.25,-3425.0,177.6342634479205,baseline,0.27355456352233887,-27.126117706298828,,,,
585000,-44.35,-4434.999847412109,179.12754456599552,baseline,0.20978944003582,-28.378116607666016,,,,
590000,-34.05,-3404.9999237060547,180.61738892396292,baseline,0.15998822450637817,-26.549528121948242,,,,
595000,-45.15,-4515.000152587891,182.09999172290165,baseline,0.19489505887031555,-26.94767189025879,,,,
600000,-34.25,-3425.0,183.58954664071402,baseline,0.13564053177833557,-26.927204132080078,0.000554,2.2e-05,0.002228,43.120827
605000,-33.65,-3365.0001525878906,185.09096488555272,baseline,0.27473339438438416,-25.076343536376953,,,,
610000,-38.05,-3804.9999237060547,186.57245708703994,baseline,0.3014509081840515,-28.22108268737793,,,,
615000,-37.15,-3715.0001525878906,188.05745538075766,baseline,0.14524219930171967,-24.481748580932617,,,,
620000,-35.15,-3515.0001525878906,189.54591796000798,baseline,0.21962793171405792,-28.24030876159668,,,,
625000,-34.35,-3434.9998474121094,191.04005522727965,baseline,0.17911989986896515,-25.197675704956055,,,,
630000,-33.9,-3390.0001525878906,192.534743364652,baseline,0.2841273248195648,-28.423337936401367,,,,
635000,-33.7,-3370.0000762939453,194.02150379419328,baseline,0.13218198716640472,-28.306873321533203,,,,
640000,-35.35,-3534.9998474121094,195.51190621852874,baseline,0.18340592086315155,-29.347692489624023,,,,
645000,-33.35,-3334.9998474121094,196.99245421489078,baseline,0.17692802846431732,-27.23683738708496,,,,
650000,-33.55,-3354.9999237060547,198.47646442254384,baseline,0.2171032428741455,-26.272741317749023,0.000559,2.3e-05,0.00226,42.790501
655000,-41.8,-4179.999923706055,199.980550801754,baseline,0.16540344059467316,-24.4202823638916,,,,
660000,-33.8,-3379.9999237060547,201.47722093661625,baseline,0.18500366806983948,-26.984521865844727,,,,
665000,-33.95,-3395.0000762939453,202.96759647925694,baseline,0.2217194139957428,-27.54281997680664,,,,
670000,-42.2,-4220.000076293945,204.463829211394,baseline,0.12234228104352951,-26.663373947143555,,,,
675000,-41.95,-4195.000076293945,205.95393160184224,baseline,0.2360883206129074,-27.917057037353516,,,,
680000,-33.5,-3350.0,207.44618734121323,baseline,0.1775863617658615,-25.679243087768555,,,,
685000,-33.9,-3390.0001525878906,208.93135402202606,baseline,0.20354948937892914,-26.3304386138916,,,,
690000,-33.7,-3370.0000762939453,210.42387887239457,baseline,0.24463783204555511,-28.078413009643555,,,,
695000,-34.05,-3404.9999237060547,211.9170925617218,baseline,0.20104146003723145,-25.968549728393555,,,,
700000,-34.05,-3404.9999237060547,213.41945985555648,baseline,0.21323351562023163,-29.639280319213867,0.000593,2.4e-05,0.002394,43.162251
705000,-33.9,-3390.0001525878906,214.9205377181371,baseline,0.20523515343666077,-27.277862548828125,,,,
710000,-34.65,-3465.0001525878906,216.41194749673207,baseline,0.22383444011211395,-28.0601749420166,,,,
715000,-34.1,-3409.9998474121094,217.91142755349478,baseline,0.41446933150291443,-26.201223373413086,,,,
720000,-33.75,-3375.0,219.39603042205175,baseline,0.11541204899549484,-24.48369789123535,,,,
725000,-34.35,-3434.9998474121094,220.88275459607442,baseline,0.22468267381191254,-27.03108024597168,,,,
730000,-41.45,-4145.000076293945,222.36915628115335,baseline,0.21962010860443115,-25.92732810974121,,,,
735000,-33.95,-3395.0000762939453,223.86215378046035,baseline,0.19381144642829895,-26.546621322631836,,,,
740000,-33.8,-3379.9999237060547,225.36131776571273,baseline,0.15797188878059387,-26.37105369567871,,,,
745000,-33.7,-3370.0000762939453,226.8452713727951,baseline,0.26001986861228943,-26.364582061767578,,,,
750000,-34.05,-3404.9999237060547,228.32697602510453,baseline,0.44509297609329224,-27.483991622924805,0.000546,2.2e-05,0.002193,42.421337
755000,-35.2,-3520.0000762939453,229.82375425895054,baseline,0.21547265350818634,-25.837247848510742,,,,
760000,-33.6,-3359.9998474121094,231.32219690084457,baseline,0.22122502326965332,-25.795862197875977,,,,
765000,-33.4,-3340.0001525878906,232.8125599940618,baseline,0.2456272691488266,-28.294530868530273,,,,
770000,-41.75,-4175.0,234.30641987323762,baseline,0.11831400543451309,-23.978334426879883,,,,
775000,-33.55,-3354.9999237060547,235.7912501056989,baseline,0.15285280346870422,-26.72419548034668,,,,
780000,-33.8,-3379.9999237060547,237.28213417132696,baseline,0.2204422950744629,-28.27827262878418,,,,
785000,-33.5,-3350.0,238.76999748945235,baseline,0.18510477244853973,-26.630420684814453,,,,
790000,-33.8,-3379.9999237060547,240.25152393976848,baseline,0.13324210047721863,-24.7262020111084,,,,
795000,-34.35,-3434.9998474121094,241.74278447230657,baseline,0.16051022708415985,-25.312545776367188,,,,
800000,-33.55,-3354.9999237060547,243.23627432584763,baseline,0.304295152425766,-26.735050201416016,0.000522,2.1e-05,0.002103,41.993473
805000,-33.65,-3365.0001525878906,244.73519200881321,baseline,0.1725245863199234,-28.828229904174805,,,,
810000,-33.95,-3395.0000762939453,246.21630823612213,baseline,0.15054619312286377,-25.212265014648438,,,,
815000,-34.15,-3415.0001525878906,247.70500282843906,baseline,0.21553988754749298,-25.434101104736328,,,,
820000,-33.75,-3375.0,249.19713250398635,baseline,0.09196190536022186,-27.39307975769043,,,,
825000,-33.55,-3354.9999237060547,250.6865903099378,baseline,0.16810961067676544,-25.70808219909668,,,,
830000,-33.85,-3384.9998474121094,252.1758045276006,baseline,0.16361577808856964,-27.189773559570312,,,,
835000,-33.55,-3354.9999237060547,253.66904580195745,baseline,0.17329108715057373,-27.841339111328125,,,,
840000,-37.4,-3740.0001525878906,255.15184592008592,baseline,0.1373683214187622,-27.101119995117188,,,,
845000,-33.2,-3320.0000762939453,256.63508638143537,baseline,0.15827785432338715,-27.16487693786621,,,,
850000,-33.4,-3340.0001525878906,258.1187135020892,baseline,0.20838680863380432,-26.563562393188477,0.000519,2.1e-05,0.00208,42.151592
855000,-33.85,-3384.9998474121094,259.6166591405869,baseline,0.2827746868133545,-27.317840576171875,,,,
860000,-33.6,-3359.9998474121094,261.0992808421453,baseline,0.17502780258655548,-27.12067222595215,,,,
865000,-33.55,-3354.9999237060547,262.58719986279806,baseline,0.14341209828853607,-27.786090850830078,,,,
870000,-34.1,-3409.9998474121094,264.08007363478345,baseline,0.18585152924060822,-25.930639266967773,,,,
875000,-33.9,-3390.0001525878906,265.5700841029485,baseline,0.16597475111484528,-25.598600387573242,,,,
880000,-34.85,-3484.9998474121094,267.06517698367435,baseline,0.14693287014961243,-24.72475242614746,,,,
885000,-40.9,-4090.0001525878906,268.5607892751694,baseline,0.33413752913475037,-26.6258602142334,,,,
890000,-38.95,-3895.0000762939453,270.05473408301674,baseline,0.15055684745311737,-24.969396591186523,,,,
895000,-34.05,-3404.9999237060547,271.5415289322535,baseline,0.296787828207016,-25.386804580688477,,,,
900000,-37.65,-3765.0001525878906,273.03742600679396,baseline,0.18993201851844788,-25.586389541625977,0.000554,2.2e-05,0.002207,42.328197
905000,-33.7,-3370.0000762939453,274.5360684990883,baseline,0.15199962258338928,-25.487579345703125,,,,
910000,-33.65,-3365.0001525878906,276.0258929093679,baseline,0.1759534329175949,-28.249292373657227,,,,
915000,-42.3,-4229.999923706055,277.5125730593999,baseline,0.15054760873317719,-26.607431411743164,,,,
920000,-35.7,-3570.0000762939453,278.9985681772232,baseline,0.2574075758457184,-28.00245475769043,,,,
925000,-33.8,-3379.9999237060547,280.49240013360975,baseline,0.22789128124713898,-25.78529167175293,,,,
930000,-33.65,-3365.0001525878906,281.97897971073786,baseline,0.1342848390340805,-23.862295150756836,,,,
935000,-33.8,-3379.9999237060547,283.47051336765287,baseline,0.14595450460910797,-24.498828887939453,,,,
940000,-33.4,-3340.0001525878906,284.9583993434906,baseline,0.17770226299762726,-28.014068603515625,,,,
945000,-33.5,-3350.0,286.45105869372685,baseline,0.15841597318649292,-26.862817764282227,,,,
950000,-33.65,-3365.0001525878906,287.9378178278605,baseline,0.13900505006313324,-25.526947021484375,0.000583,2.4e-05,0.002343,42.601879
955000,-33.9,-3390.0001525878906,289.4402861714363,baseline,0.23753271996974945,-25.771259307861328,,,,
960000,-34.3,-3429.9999237060547,290.9320170044899,baseline,0.17705032229423523,-25.680936813354492,,,,
965000,-33.85,-3384.9998474121094,292.421273847421,baseline,0.23100505769252777,-26.35148048400879,,,,
970000,-34.1,-3409.9998474121094,293.9143506169319,baseline,0.1780044585466385,-25.322376251220703,,,,
975000,-33.9,-3390.0001525878906,295.4045904795329,baseline,0.13423816859722137,-25.18202781677246,,,,
980000,-33.5,-3350.0,296.8951480786006,baseline,0.09957917779684067,-24.13916015625,,,,
985000,-35.1,-3509.9998474121094,298.383089697361,baseline,0.13592346012592316,-25.166162490844727,,,,
990000,-34.75,-3475.0,299.87365428209307,baseline,0.15031448006629944,-22.97791862487793,,,,
995000,-33.45,-3345.0000762939453,301.3685351212819,baseline,0.2455458641052246,-26.498371124267578,,,,
1000000,-33.75,-3375.0,302.85348433653513,baseline,0.19030742347240448,-27.711267471313477,0.000636,2.6e-05,0.002548,43.186783
